../lib/parfor.h:55:33: optimized: loop vectorized using variable length vectors
../lib/parfor.h:55:33: optimized: loop vectorized using variable length vectors
../lib/parfor.h:55:33: optimized:  loop versioned for vectorization because of possible aliasing
/scratch/ruimins/riscv_gnu_toolchain/install/riscv64-unknown-linux-gnu/include/c++/15.1.0/bits/stl_heap.h:146:7: optimized: basic block part vectorized using 8 byte vectors
../lib/simulator_basic.h:201:32: optimized: loop vectorized using 16 byte vectors
../lib/simulator_basic.h:201:32: optimized: loop vectorized using variable length vectors
../lib/simulator_basic.h:188:30: optimized: loop vectorized using variable length vectors
../lib/simulator_basic.h:201:32: optimized: loop vectorized using 16 byte vectors
../lib/simulator_basic.h:201:32: optimized: loop vectorized using variable length vectors
../lib/simulator_basic.h:188:30: optimized: loop vectorized using variable length vectors
../lib/simulator.h:58:30: optimized: loop vectorized using variable length vectors
/scratch/ruimins/riscv_gnu_toolchain/install/riscv64-unknown-linux-gnu/include/c++/15.1.0/bits/stl_algo.h:1764:7: optimized: basic block part vectorized using 8 byte vectors
/scratch/ruimins/riscv_gnu_toolchain/install/riscv64-unknown-linux-gnu/include/c++/15.1.0/bits/stl_algo.h:1783:8: optimized: basic block part vectorized using 8 byte vectors
../lib/parfor.h:60:30: optimized: loop vectorized using variable length vectors
../lib/parfor.h:60:30: optimized:  loop versioned for vectorization because of possible aliasing
/scratch/ruimins/riscv_gnu_toolchain/install/riscv64-unknown-linux-gnu/include/c++/15.1.0/bits/move.h:237:7: optimized: basic block part vectorized using 8 byte vectors
/scratch/ruimins/riscv_gnu_toolchain/install/riscv64-unknown-linux-gnu/include/c++/15.1.0/bits/move.h:237:7: optimized: basic block part vectorized using 8 byte vectors
/scratch/ruimins/riscv_gnu_toolchain/install/riscv64-unknown-linux-gnu/include/c++/15.1.0/bits/move.h:237:7: optimized: basic block part vectorized using 8 byte vectors
/scratch/ruimins/riscv_gnu_toolchain/install/riscv64-unknown-linux-gnu/include/c++/15.1.0/bits/move.h:237:7: optimized: basic block part vectorized using 8 byte vectors
/scratch/ruimins/riscv_gnu_toolchain/install/riscv64-unknown-linux-gnu/include/c++/15.1.0/bits/move.h:237:7: optimized: basic block part vectorized using 8 byte vectors
/scratch/ruimins/riscv_gnu_toolchain/install/riscv64-unknown-linux-gnu/include/c++/15.1.0/bits/move.h:237:7: optimized: basic block part vectorized using 8 byte vectors
/scratch/ruimins/riscv_gnu_toolchain/install/riscv64-unknown-linux-gnu/include/c++/15.1.0/bits/stl_vector.h:121:13: optimized: basic block part vectorized using 16 byte vectors
../lib/hybrid.h:41:10: optimized: basic block part vectorized using 8 byte vectors
/scratch/ruimins/riscv_gnu_toolchain/install/riscv64-unknown-linux-gnu/include/c++/15.1.0/bits/stl_vector.h:121:13: optimized: basic block part vectorized using 16 byte vectors
/scratch/ruimins/riscv_gnu_toolchain/install/riscv64-unknown-linux-gnu/include/c++/15.1.0/bits/stl_vector.h:121:13: optimized: basic block part vectorized using 16 byte vectors
/scratch/ruimins/riscv_gnu_toolchain/install/riscv64-unknown-linux-gnu/include/c++/15.1.0/bits/stl_vector.h:121:13: optimized: basic block part vectorized using 16 byte vectors
/scratch/ruimins/riscv_gnu_toolchain/install/riscv64-unknown-linux-gnu/include/c++/15.1.0/bits/stl_vector.h:121:13: optimized: basic block part vectorized using 16 byte vectors
/scratch/ruimins/riscv_gnu_toolchain/install/riscv64-unknown-linux-gnu/include/c++/15.1.0/bits/stl_vector.h:121:13: optimized: basic block part vectorized using 16 byte vectors
/scratch/ruimins/riscv_gnu_toolchain/install/riscv64-unknown-linux-gnu/include/c++/15.1.0/bits/stl_vector.h:121:13: optimized: basic block part vectorized using 16 byte vectors
/scratch/ruimins/riscv_gnu_toolchain/install/riscv64-unknown-linux-gnu/include/c++/15.1.0/bits/stl_vector.h:121:13: optimized: basic block part vectorized using 16 byte vectors
../lib/hybrid.h:41:10: optimized: basic block part vectorized using 2 byte vectors
../lib/simulator_basic.h:266:34: optimized: loop vectorized using 16 byte vectors
../lib/simulator_basic.h:266:34: optimized: loop vectorized using variable length vectors
../lib/simulator_basic.h:201:32: optimized: loop vectorized using 16 byte vectors
../lib/simulator_basic.h:201:32: optimized: loop vectorized using variable length vectors
../lib/simulator_basic.h:201:32: optimized: loop vectorized using 16 byte vectors
../lib/simulator_basic.h:201:32: optimized: loop vectorized using variable length vectors
../lib/simulator_basic.h:188:30: optimized: loop vectorized using variable length vectors
../lib/simulator_basic.h:201:32: optimized: loop vectorized using 16 byte vectors
../lib/simulator_basic.h:201:32: optimized: loop vectorized using variable length vectors
../lib/simulator_basic.h:188:30: optimized: loop vectorized using variable length vectors
../lib/simulator.h:58:30: optimized: loop vectorized using variable length vectors
../lib/simulator_basic.h:266:34: optimized: loop vectorized using 16 byte vectors
../lib/simulator_basic.h:266:34: optimized: loop vectorized using variable length vectors
../lib/simulator.h:58:30: optimized: loop vectorized using variable length vectors
../lib/gate.h:125:8: optimized: basic block part vectorized using 2 byte vectors
../lib/gate.h:125:8: optimized: basic block part vectorized using 8 byte vectors
/scratch/ruimins/riscv_gnu_toolchain/install/riscv64-unknown-linux-gnu/include/c++/15.1.0/bits/stl_vector.h:112:4: optimized: basic block part vectorized using 16 byte vectors
/scratch/ruimins/riscv_gnu_toolchain/install/riscv64-unknown-linux-gnu/include/c++/15.1.0/bits/stl_vector.h:112:4: optimized: basic block part vectorized using 16 byte vectors
/scratch/ruimins/riscv_gnu_toolchain/install/riscv64-unknown-linux-gnu/include/c++/15.1.0/bits/stl_vector.h:114:17: optimized: basic block part vectorized using 16 byte vectors
/scratch/ruimins/riscv_gnu_toolchain/install/riscv64-unknown-linux-gnu/include/c++/15.1.0/bits/stl_vector.h:114:17: optimized: basic block part vectorized using 16 byte vectors
../lib/gate.h:125:8: optimized: basic block part vectorized using 2 byte vectors
../lib/gate.h:125:8: optimized: basic block part vectorized using 8 byte vectors
../lib/gate.h:125:8: optimized: basic block part vectorized using 2 byte vectors
../lib/gate.h:125:8: optimized: basic block part vectorized using 8 byte vectors
../lib/hybrid.h:41:10: optimized: basic block part vectorized using 2 byte vectors
../lib/hybrid.h:41:10: optimized: basic block part vectorized using 8 byte vectors
/scratch/ruimins/riscv_gnu_toolchain/install/riscv64-unknown-linux-gnu/include/c++/15.1.0/bits/stl_vector.h:112:4: optimized: basic block part vectorized using 16 byte vectors
/scratch/ruimins/riscv_gnu_toolchain/install/riscv64-unknown-linux-gnu/include/c++/15.1.0/bits/stl_vector.h:112:4: optimized: basic block part vectorized using 16 byte vectors
/scratch/ruimins/riscv_gnu_toolchain/install/riscv64-unknown-linux-gnu/include/c++/15.1.0/bits/stl_vector.h:114:17: optimized: basic block part vectorized using 16 byte vectors
/scratch/ruimins/riscv_gnu_toolchain/install/riscv64-unknown-linux-gnu/include/c++/15.1.0/bits/stl_vector.h:114:17: optimized: basic block part vectorized using 16 byte vectors
../lib/hybrid.h:41:10: optimized: basic block part vectorized using 2 byte vectors
../lib/hybrid.h:41:10: optimized: basic block part vectorized using 8 byte vectors
../lib/hybrid.h:41:10: optimized: basic block part vectorized using 2 byte vectors
../lib/hybrid.h:41:10: optimized: basic block part vectorized using 8 byte vectors
/scratch/ruimins/riscv_gnu_toolchain/install/riscv64-unknown-linux-gnu/include/c++/15.1.0/bits/stl_uninitialized.h:1310:22: optimized: loop vectorized using 8 byte vectors
../lib/fuser.h:31:8: optimized: basic block part vectorized using 8 byte vectors
/scratch/ruimins/riscv_gnu_toolchain/install/riscv64-unknown-linux-gnu/include/c++/15.1.0/bits/stl_vector.h:112:4: optimized: basic block part vectorized using 16 byte vectors
/scratch/ruimins/riscv_gnu_toolchain/install/riscv64-unknown-linux-gnu/include/c++/15.1.0/bits/stl_vector.h:114:17: optimized: basic block part vectorized using 16 byte vectors
/scratch/ruimins/riscv_gnu_toolchain/install/riscv64-unknown-linux-gnu/include/c++/15.1.0/bits/stl_vector.h:114:17: optimized: basic block part vectorized using 16 byte vectors
../lib/fuser.h:31:8: optimized: basic block part vectorized using 8 byte vectors
/scratch/ruimins/riscv_gnu_toolchain/install/riscv64-unknown-linux-gnu/include/c++/15.1.0/bits/stl_vector.h:114:17: optimized: basic block part vectorized using 16 byte vectors
/scratch/ruimins/riscv_gnu_toolchain/install/riscv64-unknown-linux-gnu/include/c++/15.1.0/bits/stl_vector.h:114:17: optimized: basic block part vectorized using 16 byte vectors
/scratch/ruimins/riscv_gnu_toolchain/install/riscv64-unknown-linux-gnu/include/c++/15.1.0/bits/stl_vector.h:114:17: optimized: basic block part vectorized using 16 byte vectors
/scratch/ruimins/riscv_gnu_toolchain/install/riscv64-unknown-linux-gnu/include/c++/15.1.0/bits/stl_vector.h:121:13: optimized: basic block part vectorized using 16 byte vectors
/scratch/ruimins/riscv_gnu_toolchain/install/riscv64-unknown-linux-gnu/include/c++/15.1.0/bits/stl_vector.h:121:13: optimized: basic block part vectorized using 16 byte vectors
/scratch/ruimins/riscv_gnu_toolchain/install/riscv64-unknown-linux-gnu/include/c++/15.1.0/bits/stl_vector.h:121:13: optimized: basic block part vectorized using 16 byte vectors
/scratch/ruimins/riscv_gnu_toolchain/install/riscv64-unknown-linux-gnu/include/c++/15.1.0/bits/stl_vector.h:121:13: optimized: basic block part vectorized using 16 byte vectors
/scratch/ruimins/riscv_gnu_toolchain/install/riscv64-unknown-linux-gnu/include/c++/15.1.0/bits/stl_vector.h:121:13: optimized: basic block part vectorized using 16 byte vectors
/scratch/ruimins/riscv_gnu_toolchain/install/riscv64-unknown-linux-gnu/include/c++/15.1.0/bits/stl_vector.h:121:13: optimized: basic block part vectorized using 16 byte vectors
/scratch/ruimins/riscv_gnu_toolchain/install/riscv64-unknown-linux-gnu/include/c++/15.1.0/bits/stl_vector.h:121:13: optimized: basic block part vectorized using 16 byte vectors
/scratch/ruimins/riscv_gnu_toolchain/install/riscv64-unknown-linux-gnu/include/c++/15.1.0/bits/stl_vector.h:121:13: optimized: basic block part vectorized using 16 byte vectors
../lib/hybrid.h:41:10: optimized: basic block part vectorized using 2 byte vectors
/scratch/ruimins/riscv_gnu_toolchain/install/riscv64-unknown-linux-gnu/include/c++/15.1.0/bits/stl_vector.h:121:13: optimized: basic block part vectorized using 16 byte vectors
/scratch/ruimins/riscv_gnu_toolchain/install/riscv64-unknown-linux-gnu/include/c++/15.1.0/bits/stl_vector.h:121:13: optimized: basic block part vectorized using 16 byte vectors
/scratch/ruimins/riscv_gnu_toolchain/install/riscv64-unknown-linux-gnu/include/c++/15.1.0/bits/stl_vector.h:121:13: optimized: basic block part vectorized using 16 byte vectors
/scratch/ruimins/riscv_gnu_toolchain/install/riscv64-unknown-linux-gnu/include/c++/15.1.0/bits/stl_vector.h:121:13: optimized: basic block part vectorized using 16 byte vectors
../lib/hybrid.h:41:10: optimized: basic block part vectorized using 2 byte vectors
/scratch/ruimins/riscv_gnu_toolchain/install/riscv64-unknown-linux-gnu/include/c++/15.1.0/bits/stl_vector.h:114:17: optimized: basic block part vectorized using 16 byte vectors
/scratch/ruimins/riscv_gnu_toolchain/install/riscv64-unknown-linux-gnu/include/c++/15.1.0/bits/stl_vector.h:114:17: optimized: basic block part vectorized using 16 byte vectors
/scratch/ruimins/riscv_gnu_toolchain/install/riscv64-unknown-linux-gnu/include/c++/15.1.0/bits/stl_vector.h:121:13: optimized: basic block part vectorized using 16 byte vectors
../lib/hybrid.h:41:10: optimized: basic block part vectorized using 8 byte vectors
/scratch/ruimins/riscv_gnu_toolchain/install/riscv64-unknown-linux-gnu/include/c++/15.1.0/bits/stl_vector.h:121:13: optimized: basic block part vectorized using 16 byte vectors
/scratch/ruimins/riscv_gnu_toolchain/install/riscv64-unknown-linux-gnu/include/c++/15.1.0/bits/stl_vector.h:121:13: optimized: basic block part vectorized using 16 byte vectors
/scratch/ruimins/riscv_gnu_toolchain/install/riscv64-unknown-linux-gnu/include/c++/15.1.0/bits/stl_vector.h:121:13: optimized: basic block part vectorized using 16 byte vectors
/scratch/ruimins/riscv_gnu_toolchain/install/riscv64-unknown-linux-gnu/include/c++/15.1.0/bits/stl_vector.h:121:13: optimized: basic block part vectorized using 16 byte vectors
/scratch/ruimins/riscv_gnu_toolchain/install/riscv64-unknown-linux-gnu/include/c++/15.1.0/bits/stl_vector.h:121:13: optimized: basic block part vectorized using 16 byte vectors
/scratch/ruimins/riscv_gnu_toolchain/install/riscv64-unknown-linux-gnu/include/c++/15.1.0/bits/stl_vector.h:121:13: optimized: basic block part vectorized using 16 byte vectors
/scratch/ruimins/riscv_gnu_toolchain/install/riscv64-unknown-linux-gnu/include/c++/15.1.0/bits/stl_vector.h:121:13: optimized: basic block part vectorized using 16 byte vectors
../lib/hybrid.h:41:10: optimized: basic block part vectorized using 2 byte vectors
/scratch/ruimins/riscv_gnu_toolchain/install/riscv64-unknown-linux-gnu/include/c++/15.1.0/bits/stl_vector.h:121:13: optimized: basic block part vectorized using 16 byte vectors
/scratch/ruimins/riscv_gnu_toolchain/install/riscv64-unknown-linux-gnu/include/c++/15.1.0/bits/stl_vector.h:121:13: optimized: basic block part vectorized using 16 byte vectors
/scratch/ruimins/riscv_gnu_toolchain/install/riscv64-unknown-linux-gnu/include/c++/15.1.0/bits/stl_vector.h:121:13: optimized: basic block part vectorized using 16 byte vectors
/scratch/ruimins/riscv_gnu_toolchain/install/riscv64-unknown-linux-gnu/include/c++/15.1.0/bits/stl_vector.h:121:13: optimized: basic block part vectorized using 16 byte vectors
../lib/hybrid.h:41:10: optimized: basic block part vectorized using 2 byte vectors
../lib/parfor.h:60:30: optimized: loop vectorized using variable length vectors
../lib/parfor.h:60:30: optimized:  loop versioned for vectorization because of possible aliasing
../lib/simulator.h:58:30: optimized: loop vectorized using variable length vectors
../lib/simulator.h:58:30: optimized: loop vectorized using variable length vectors
../lib/simulator_basic.h:201:32: optimized: loop vectorized using 16 byte vectors
../lib/simulator_basic.h:201:32: optimized: loop vectorized using variable length vectors
../lib/simulator.h:58:30: optimized: loop vectorized using variable length vectors
../lib/simulator.h:58:30: optimized: loop vectorized using variable length vectors
../lib/simulator.h:58:30: optimized: loop vectorized using variable length vectors
/scratch/ruimins/riscv_gnu_toolchain/install/riscv64-unknown-linux-gnu/include/c++/15.1.0/bits/stl_vector.h:121:13: optimized: basic block part vectorized using 16 byte vectors
/scratch/ruimins/riscv_gnu_toolchain/install/riscv64-unknown-linux-gnu/include/c++/15.1.0/bits/stl_vector.h:121:13: optimized: basic block part vectorized using 16 byte vectors
/scratch/ruimins/riscv_gnu_toolchain/install/riscv64-unknown-linux-gnu/include/c++/15.1.0/bits/stl_vector.h:121:13: optimized: basic block part vectorized using 16 byte vectors
/scratch/ruimins/riscv_gnu_toolchain/install/riscv64-unknown-linux-gnu/include/c++/15.1.0/bits/stl_vector.h:121:13: optimized: basic block part vectorized using 16 byte vectors
/scratch/ruimins/riscv_gnu_toolchain/install/riscv64-unknown-linux-gnu/include/c++/15.1.0/bits/stl_vector.h:121:13: optimized: basic block part vectorized using 16 byte vectors
/scratch/ruimins/riscv_gnu_toolchain/install/riscv64-unknown-linux-gnu/include/c++/15.1.0/bits/stl_vector.h:121:13: optimized: basic block part vectorized using 16 byte vectors
/scratch/ruimins/riscv_gnu_toolchain/install/riscv64-unknown-linux-gnu/include/c++/15.1.0/bits/stl_vector.h:121:13: optimized: basic block part vectorized using 16 byte vectors
/scratch/ruimins/riscv_gnu_toolchain/install/riscv64-unknown-linux-gnu/include/c++/15.1.0/bits/stl_vector.h:121:13: optimized: basic block part vectorized using 16 byte vectors
../lib/hybrid.h:41:10: optimized: basic block part vectorized using 2 byte vectors
/scratch/ruimins/riscv_gnu_toolchain/install/riscv64-unknown-linux-gnu/include/c++/15.1.0/bits/stl_vector.h:114:17: optimized: basic block part vectorized using 16 byte vectors
/scratch/ruimins/riscv_gnu_toolchain/install/riscv64-unknown-linux-gnu/include/c++/15.1.0/bits/stl_vector.h:114:17: optimized: basic block part vectorized using 16 byte vectors
/scratch/ruimins/riscv_gnu_toolchain/install/riscv64-unknown-linux-gnu/include/c++/15.1.0/bits/stl_vector.h:121:13: optimized: basic block part vectorized using 16 byte vectors
/scratch/ruimins/riscv_gnu_toolchain/install/riscv64-unknown-linux-gnu/include/c++/15.1.0/bits/stl_vector.h:121:13: optimized: basic block part vectorized using 16 byte vectors
/scratch/ruimins/riscv_gnu_toolchain/install/riscv64-unknown-linux-gnu/include/c++/15.1.0/bits/stl_vector.h:121:13: optimized: basic block part vectorized using 16 byte vectors
/scratch/ruimins/riscv_gnu_toolchain/install/riscv64-unknown-linux-gnu/include/c++/15.1.0/bits/stl_vector.h:121:13: optimized: basic block part vectorized using 16 byte vectors
/scratch/ruimins/riscv_gnu_toolchain/install/riscv64-unknown-linux-gnu/include/c++/15.1.0/bits/stl_vector.h:121:13: optimized: basic block part vectorized using 16 byte vectors
/scratch/ruimins/riscv_gnu_toolchain/install/riscv64-unknown-linux-gnu/include/c++/15.1.0/bits/stl_vector.h:121:13: optimized: basic block part vectorized using 16 byte vectors
/scratch/ruimins/riscv_gnu_toolchain/install/riscv64-unknown-linux-gnu/include/c++/15.1.0/bits/stl_vector.h:121:13: optimized: basic block part vectorized using 16 byte vectors
/scratch/ruimins/riscv_gnu_toolchain/install/riscv64-unknown-linux-gnu/include/c++/15.1.0/bits/stl_vector.h:121:13: optimized: basic block part vectorized using 16 byte vectors
../lib/hybrid.h:41:10: optimized: basic block part vectorized using 2 byte vectors
../lib/hybrid.h:41:10: optimized: basic block part vectorized using 8 byte vectors
/scratch/ruimins/riscv_gnu_toolchain/install/riscv64-unknown-linux-gnu/include/c++/15.1.0/bits/stl_vector.h:121:13: optimized: basic block part vectorized using 16 byte vectors
/scratch/ruimins/riscv_gnu_toolchain/install/riscv64-unknown-linux-gnu/include/c++/15.1.0/bits/stl_vector.h:121:13: optimized: basic block part vectorized using 16 byte vectors
/scratch/ruimins/riscv_gnu_toolchain/install/riscv64-unknown-linux-gnu/include/c++/15.1.0/bits/stl_vector.h:121:13: optimized: basic block part vectorized using 16 byte vectors
/scratch/ruimins/riscv_gnu_toolchain/install/riscv64-unknown-linux-gnu/include/c++/15.1.0/bits/stl_vector.h:121:13: optimized: basic block part vectorized using 16 byte vectors
../lib/hybrid.h:41:10: optimized: basic block part vectorized using 2 byte vectors
../lib/hybrid.h:41:10: optimized: basic block part vectorized using 2 byte vectors
../lib/hybrid.h:41:10: optimized: basic block part vectorized using 8 byte vectors
/scratch/ruimins/riscv_gnu_toolchain/install/riscv64-unknown-linux-gnu/include/c++/15.1.0/bits/stl_uninitialized.h:1310:22: optimized: loop vectorized using 8 byte vectors
../lib/parfor.h:60:30: optimized: loop vectorized using variable length vectors
/scratch/ruimins/riscv_gnu_toolchain/install/riscv64-unknown-linux-gnu/include/c++/15.1.0/bits/basic_ios.h:477:2: optimized: basic block part vectorized using 16 byte vectors
qsimh_amplitudes.cc:41:8: optimized: basic block part vectorized using 16 byte vectors
/scratch/ruimins/riscv_gnu_toolchain/install/riscv64-unknown-linux-gnu/include/c++/15.1.0/bits/stl_vector.h:106:4: optimized: basic block part vectorized using 16 byte vectors
/scratch/ruimins/riscv_gnu_toolchain/install/riscv64-unknown-linux-gnu/include/c++/15.1.0/bits/stl_vector.h:106:4: optimized: basic block part vectorized using 16 byte vectors
/scratch/ruimins/riscv_gnu_toolchain/install/riscv64-unknown-linux-gnu/include/c++/15.1.0/bits/stl_vector.h:106:4: optimized: basic block part vectorized using 16 byte vectors
../lib/gate.h:125:8: optimized: basic block part vectorized using 2 byte vectors
../lib/gate.h:125:8: optimized: basic block part vectorized using 8 byte vectors
/scratch/ruimins/riscv_gnu_toolchain/install/riscv64-unknown-linux-gnu/include/c++/15.1.0/bits/stl_vector.h:106:4: optimized: basic block part vectorized using 16 byte vectors
/scratch/ruimins/riscv_gnu_toolchain/install/riscv64-unknown-linux-gnu/include/c++/15.1.0/bits/stl_vector.h:106:4: optimized: basic block part vectorized using 16 byte vectors
/scratch/ruimins/riscv_gnu_toolchain/install/riscv64-unknown-linux-gnu/include/c++/15.1.0/bits/stl_algobase.h:924:22: optimized: loop vectorized using variable length vectors
/scratch/ruimins/riscv_gnu_toolchain/install/riscv64-unknown-linux-gnu/include/c++/15.1.0/bits/stl_uninitialized.h:144:22: optimized: loop vectorized using variable length vectors
/scratch/ruimins/riscv_gnu_toolchain/install/riscv64-unknown-linux-gnu/include/c++/15.1.0/bits/stl_uninitialized.h:144:22: optimized:  loop versioned for vectorization because of possible aliasing
/scratch/ruimins/riscv_gnu_toolchain/install/riscv64-unknown-linux-gnu/include/c++/15.1.0/bits/stl_algobase.h:924:22: optimized: loop vectorized using variable length vectors
/scratch/ruimins/riscv_gnu_toolchain/install/riscv64-unknown-linux-gnu/include/c++/15.1.0/bits/stl_uninitialized.h:144:22: optimized: loop vectorized using variable length vectors
/scratch/ruimins/riscv_gnu_toolchain/install/riscv64-unknown-linux-gnu/include/c++/15.1.0/bits/stl_uninitialized.h:144:22: optimized:  loop versioned for vectorization because of possible aliasing
/scratch/ruimins/riscv_gnu_toolchain/install/riscv64-unknown-linux-gnu/include/c++/15.1.0/bits/stl_uninitialized.h:469:7: optimized: loop vectorized using variable length vectors
/scratch/ruimins/riscv_gnu_toolchain/install/riscv64-unknown-linux-gnu/include/c++/15.1.0/bits/stl_uninitialized.h:144:22: optimized: loop vectorized using variable length vectors
/scratch/ruimins/riscv_gnu_toolchain/install/riscv64-unknown-linux-gnu/include/c++/15.1.0/bits/stl_uninitialized.h:144:22: optimized:  loop versioned for vectorization because of possible aliasing
/scratch/ruimins/riscv_gnu_toolchain/install/riscv64-unknown-linux-gnu/include/c++/15.1.0/bits/stl_uninitialized.h:469:7: optimized: loop vectorized using variable length vectors
../lib/gates_qsim.h:281:49: optimized: basic block part vectorized using 8 byte vectors
../lib/gate.h:31:29: optimized: loop vectorized using 16 byte vectors
../lib/gate.h:31:29: optimized:  loop versioned for vectorization to enhance alignment
../lib/gate.h:31:29: optimized: loop vectorized using 16 byte vectors
../lib/gate.h:31:29: optimized:  loop versioned for vectorization to enhance alignment
../lib/gate.h:31:29: optimized: loop vectorized using 16 byte vectors
../lib/gate.h:31:29: optimized:  loop versioned for vectorization to enhance alignment
../lib/gate.h:31:29: optimized: loop vectorized using 16 byte vectors
../lib/gate.h:31:29: optimized:  loop versioned for vectorization to enhance alignment
../lib/gate.h:31:29: optimized: loop vectorized using 16 byte vectors
../lib/gate.h:31:29: optimized:  loop versioned for vectorization to enhance alignment
../lib/circuit_qsim_parser.h:360:21: optimized: basic block part vectorized using 16 byte vectors
/scratch/ruimins/riscv_gnu_toolchain/install/riscv64-unknown-linux-gnu/include/c++/15.1.0/bits/stl_vector.h:112:4: optimized: basic block part vectorized using 16 byte vectors
/scratch/ruimins/riscv_gnu_toolchain/install/riscv64-unknown-linux-gnu/include/c++/15.1.0/bits/stl_vector.h:112:4: optimized: basic block part vectorized using 16 byte vectors
/scratch/ruimins/riscv_gnu_toolchain/install/riscv64-unknown-linux-gnu/include/c++/15.1.0/bits/stl_vector.h:112:4: optimized: basic block part vectorized using 16 byte vectors
/scratch/ruimins/riscv_gnu_toolchain/install/riscv64-unknown-linux-gnu/include/c++/15.1.0/bits/stl_vector.h:112:4: optimized: basic block part vectorized using 16 byte vectors
/scratch/ruimins/riscv_gnu_toolchain/install/riscv64-unknown-linux-gnu/include/c++/15.1.0/bits/stl_vector.h:112:4: optimized: basic block part vectorized using 16 byte vectors
/scratch/ruimins/riscv_gnu_toolchain/install/riscv64-unknown-linux-gnu/include/c++/15.1.0/bits/stl_vector.h:112:4: optimized: basic block part vectorized using 16 byte vectors
../lib/circuit_qsim_parser.h:240:31: optimized: loop vectorized using 16 byte vectors
../lib/circuit_qsim_parser.h:240:31: optimized:  loop versioned for vectorization to enhance alignment
../lib/gate.h:125:8: optimized: basic block part vectorized using 2 byte vectors
../lib/gate.h:125:8: optimized: basic block part vectorized using 8 byte vectors
/scratch/ruimins/riscv_gnu_toolchain/install/riscv64-unknown-linux-gnu/include/c++/15.1.0/bits/basic_ios.h:477:2: optimized: basic block part vectorized using 16 byte vectors
/scratch/ruimins/riscv_gnu_toolchain/install/riscv64-unknown-linux-gnu/include/c++/15.1.0/bits/stl_vector.h:106:4: optimized: basic block part vectorized using 16 byte vectors
/scratch/ruimins/riscv_gnu_toolchain/install/riscv64-unknown-linux-gnu/include/c++/15.1.0/bits/stl_vector.h:106:4: optimized: basic block part vectorized using 16 byte vectors
/scratch/ruimins/riscv_gnu_toolchain/install/riscv64-unknown-linux-gnu/include/c++/15.1.0/bits/stl_vector.h:106:4: optimized: basic block part vectorized using 16 byte vectors
../lib/matrix.h:195:26: optimized: loop vectorized using variable length vectors
../lib/matrix.h:79:30: optimized: loop vectorized using variable length vectors
../lib/matrix.h:79:30: optimized: loop vectorized using variable length vectors
../lib/fuser.h:187:35: optimized: loop vectorized using 16 byte vectors
../lib/matrix.h:57:26: optimized: loop vectorized using variable length vectors
/scratch/ruimins/riscv_gnu_toolchain/install/riscv64-unknown-linux-gnu/include/c++/15.1.0/bits/stl_uninitialized.h:1310:22: optimized: loop vectorized using 8 byte vectors
/scratch/ruimins/riscv_gnu_toolchain/install/riscv64-unknown-linux-gnu/include/c++/15.1.0/bits/stl_vector.h:106:4: optimized: basic block part vectorized using 16 byte vectors
/scratch/ruimins/riscv_gnu_toolchain/install/riscv64-unknown-linux-gnu/include/c++/15.1.0/bits/stl_vector.h:106:4: optimized: basic block part vectorized using 16 byte vectors
/scratch/ruimins/riscv_gnu_toolchain/install/riscv64-unknown-linux-gnu/include/c++/15.1.0/bits/stl_vector.h:106:4: optimized: basic block part vectorized using 16 byte vectors
/scratch/ruimins/riscv_gnu_toolchain/install/riscv64-unknown-linux-gnu/include/c++/15.1.0/bits/stl_vector.h:106:4: optimized: basic block part vectorized using 16 byte vectors
/scratch/ruimins/riscv_gnu_toolchain/install/riscv64-unknown-linux-gnu/include/c++/15.1.0/bits/stl_uninitialized.h:144:22: optimized: loop vectorized using variable length vectors
/scratch/ruimins/riscv_gnu_toolchain/install/riscv64-unknown-linux-gnu/include/c++/15.1.0/bits/stl_uninitialized.h:144:22: optimized:  loop versioned for vectorization because of possible aliasing
/scratch/ruimins/riscv_gnu_toolchain/install/riscv64-unknown-linux-gnu/include/c++/15.1.0/bits/stl_uninitialized.h:875:15: optimized: loop vectorized using 16 byte vectors
/scratch/ruimins/riscv_gnu_toolchain/install/riscv64-unknown-linux-gnu/include/c++/15.1.0/bits/stl_vector.h:106:4: optimized: basic block part vectorized using 16 byte vectors
/scratch/ruimins/riscv_gnu_toolchain/install/riscv64-unknown-linux-gnu/include/c++/15.1.0/bits/stl_vector.h:106:4: optimized: basic block part vectorized using 16 byte vectors
/scratch/ruimins/riscv_gnu_toolchain/install/riscv64-unknown-linux-gnu/include/c++/15.1.0/bits/stl_vector.h:106:4: optimized: basic block part vectorized using 16 byte vectors
../lib/fuser_basic.h:368:15: optimized: basic block part vectorized using 8 byte vectors
../lib/fuser_basic.h:368:15: optimized: basic block part vectorized using 8 byte vectors
../lib/fuser_basic.h:338:3: optimized: basic block part vectorized using 8 byte vectors
/scratch/ruimins/riscv_gnu_toolchain/install/riscv64-unknown-linux-gnu/include/c++/15.1.0/bits/stl_vector.h:106:4: optimized: basic block part vectorized using 16 byte vectors
../lib/fuser_basic.h:368:15: optimized: basic block part vectorized using 8 byte vectors
../lib/fuser_basic.h:305:19: optimized: basic block part vectorized using 8 byte vectors
/scratch/ruimins/riscv_gnu_toolchain/install/riscv64-unknown-linux-gnu/include/c++/15.1.0/bits/stl_vector.h:106:4: optimized: basic block part vectorized using 16 byte vectors
../lib/fuser_basic.h:306:29: optimized: basic block part vectorized using 16 byte vectors
../lib/fuser_basic.h:306:29: optimized: basic block part vectorized using 16 byte vectors
../lib/fuser.h:155:3: optimized: basic block part vectorized using 8 byte vectors
/scratch/ruimins/riscv_gnu_toolchain/install/riscv64-unknown-linux-gnu/include/c++/15.1.0/bits/stl_vector.h:106:4: optimized: basic block part vectorized using 16 byte vectors
/scratch/ruimins/riscv_gnu_toolchain/install/riscv64-unknown-linux-gnu/include/c++/15.1.0/bits/stl_vector.h:114:17: optimized: basic block part vectorized using 16 byte vectors
/scratch/ruimins/riscv_gnu_toolchain/install/riscv64-unknown-linux-gnu/include/c++/15.1.0/bits/stl_vector.h:114:17: optimized: basic block part vectorized using 16 byte vectors
../lib/hybrid.h:41:10: optimized: basic block part vectorized using 2 byte vectors
../lib/hybrid.h:41:10: optimized: basic block part vectorized using 8 byte vectors
/scratch/ruimins/riscv_gnu_toolchain/install/riscv64-unknown-linux-gnu/include/c++/15.1.0/bits/stl_vector.h:112:4: optimized: basic block part vectorized using 16 byte vectors
/scratch/ruimins/riscv_gnu_toolchain/install/riscv64-unknown-linux-gnu/include/c++/15.1.0/bits/stl_vector.h:112:4: optimized: basic block part vectorized using 16 byte vectors
../lib/hybrid.h:41:10: optimized: basic block part vectorized using 2 byte vectors
../lib/hybrid.h:41:10: optimized: basic block part vectorized using 8 byte vectors
/scratch/ruimins/riscv_gnu_toolchain/install/riscv64-unknown-linux-gnu/include/c++/15.1.0/bits/stl_vector.h:112:4: optimized: basic block part vectorized using 16 byte vectors
/scratch/ruimins/riscv_gnu_toolchain/install/riscv64-unknown-linux-gnu/include/c++/15.1.0/bits/stl_vector.h:112:4: optimized: basic block part vectorized using 16 byte vectors
../lib/hybrid.h:41:10: optimized: basic block part vectorized using 2 byte vectors
../lib/hybrid.h:41:10: optimized: basic block part vectorized using 8 byte vectors
/scratch/ruimins/riscv_gnu_toolchain/install/riscv64-unknown-linux-gnu/include/c++/15.1.0/bits/stl_vector.h:114:17: optimized: basic block part vectorized using 16 byte vectors
/scratch/ruimins/riscv_gnu_toolchain/install/riscv64-unknown-linux-gnu/include/c++/15.1.0/bits/stl_vector.h:114:17: optimized: basic block part vectorized using 16 byte vectors
../lib/hybrid.h:41:10: optimized: basic block part vectorized using 2 byte vectors
../lib/hybrid.h:41:10: optimized: basic block part vectorized using 8 byte vectors
/scratch/ruimins/riscv_gnu_toolchain/install/riscv64-unknown-linux-gnu/include/c++/15.1.0/bits/stl_vector.h:114:17: optimized: basic block part vectorized using 16 byte vectors
/scratch/ruimins/riscv_gnu_toolchain/install/riscv64-unknown-linux-gnu/include/c++/15.1.0/bits/stl_vector.h:114:17: optimized: basic block part vectorized using 16 byte vectors
../lib/hybrid.h:41:10: optimized: basic block part vectorized using 8 byte vectors
/scratch/ruimins/riscv_gnu_toolchain/install/riscv64-unknown-linux-gnu/include/c++/15.1.0/bits/stl_vector.h:121:13: optimized: basic block part vectorized using 16 byte vectors
/scratch/ruimins/riscv_gnu_toolchain/install/riscv64-unknown-linux-gnu/include/c++/15.1.0/bits/stl_vector.h:121:13: optimized: basic block part vectorized using 16 byte vectors
/scratch/ruimins/riscv_gnu_toolchain/install/riscv64-unknown-linux-gnu/include/c++/15.1.0/bits/stl_vector.h:121:13: optimized: basic block part vectorized using 16 byte vectors
/scratch/ruimins/riscv_gnu_toolchain/install/riscv64-unknown-linux-gnu/include/c++/15.1.0/bits/stl_vector.h:121:13: optimized: basic block part vectorized using 16 byte vectors
/scratch/ruimins/riscv_gnu_toolchain/install/riscv64-unknown-linux-gnu/include/c++/15.1.0/bits/stl_vector.h:121:13: optimized: basic block part vectorized using 16 byte vectors
../lib/hybrid.h:41:10: optimized: basic block part vectorized using 2 byte vectors
../lib/hybrid.h:41:10: optimized: basic block part vectorized using 8 byte vectors
/scratch/ruimins/riscv_gnu_toolchain/install/riscv64-unknown-linux-gnu/include/c++/15.1.0/bits/stl_vector.h:121:13: optimized: basic block part vectorized using 16 byte vectors
../lib/hybrid.h:41:10: optimized: basic block part vectorized using 2 byte vectors
/scratch/ruimins/riscv_gnu_toolchain/install/riscv64-unknown-linux-gnu/include/c++/15.1.0/bits/stl_vector.h:114:17: optimized: basic block part vectorized using 16 byte vectors
/scratch/ruimins/riscv_gnu_toolchain/install/riscv64-unknown-linux-gnu/include/c++/15.1.0/bits/stl_vector.h:114:17: optimized: basic block part vectorized using 16 byte vectors
/scratch/ruimins/riscv_gnu_toolchain/install/riscv64-unknown-linux-gnu/include/c++/15.1.0/bits/stl_vector.h:121:13: optimized: basic block part vectorized using 16 byte vectors
/scratch/ruimins/riscv_gnu_toolchain/install/riscv64-unknown-linux-gnu/include/c++/15.1.0/bits/stl_vector.h:121:13: optimized: basic block part vectorized using 16 byte vectors
/scratch/ruimins/riscv_gnu_toolchain/install/riscv64-unknown-linux-gnu/include/c++/15.1.0/bits/stl_vector.h:121:13: optimized: basic block part vectorized using 16 byte vectors
/scratch/ruimins/riscv_gnu_toolchain/install/riscv64-unknown-linux-gnu/include/c++/15.1.0/bits/stl_vector.h:121:13: optimized: basic block part vectorized using 16 byte vectors
../lib/hybrid.h:41:10: optimized: basic block part vectorized using 2 byte vectors
/scratch/ruimins/riscv_gnu_toolchain/install/riscv64-unknown-linux-gnu/include/c++/15.1.0/bits/stl_vector.h:121:13: optimized: basic block part vectorized using 16 byte vectors
../lib/hybrid.h:41:10: optimized: basic block part vectorized using 2 byte vectors
/scratch/ruimins/riscv_gnu_toolchain/install/riscv64-unknown-linux-gnu/include/c++/15.1.0/bits/stl_vector.h:114:17: optimized: basic block part vectorized using 16 byte vectors
/scratch/ruimins/riscv_gnu_toolchain/install/riscv64-unknown-linux-gnu/include/c++/15.1.0/bits/stl_vector.h:114:17: optimized: basic block part vectorized using 16 byte vectors
/scratch/ruimins/riscv_gnu_toolchain/install/riscv64-unknown-linux-gnu/include/c++/15.1.0/bits/stl_vector.h:121:13: optimized: basic block part vectorized using 16 byte vectors
/scratch/ruimins/riscv_gnu_toolchain/install/riscv64-unknown-linux-gnu/include/c++/15.1.0/bits/stl_vector.h:121:13: optimized: basic block part vectorized using 16 byte vectors
/scratch/ruimins/riscv_gnu_toolchain/install/riscv64-unknown-linux-gnu/include/c++/15.1.0/bits/stl_vector.h:121:13: optimized: basic block part vectorized using 16 byte vectors
/scratch/ruimins/riscv_gnu_toolchain/install/riscv64-unknown-linux-gnu/include/c++/15.1.0/bits/stl_vector.h:121:13: optimized: basic block part vectorized using 16 byte vectors
../lib/hybrid.h:41:10: optimized: basic block part vectorized using 2 byte vectors
/scratch/ruimins/riscv_gnu_toolchain/install/riscv64-unknown-linux-gnu/include/c++/15.1.0/bits/stl_vector.h:106:4: optimized: basic block part vectorized using 16 byte vectors
/scratch/ruimins/riscv_gnu_toolchain/install/riscv64-unknown-linux-gnu/include/c++/15.1.0/bits/stl_vector.h:106:4: optimized: basic block part vectorized using 16 byte vectors
../lib/gates_qsim.h:576:3: optimized: basic block part vectorized using 16 byte vectors
/scratch/ruimins/riscv_gnu_toolchain/install/riscv64-unknown-linux-gnu/include/c++/15.1.0/bits/stl_vector.h:106:4: optimized: basic block part vectorized using 16 byte vectors
../lib/gates_qsim.h:576:3: optimized: basic block part vectorized using 8 byte vectors
../lib/gates_qsim.h:576:3: optimized: basic block part vectorized using 8 byte vectors
../lib/gates_qsim.h:576:3: optimized: basic block part vectorized using 8 byte vectors
../lib/gates_qsim.h:576:3: optimized: basic block part vectorized using 8 byte vectors
/scratch/ruimins/riscv_gnu_toolchain/install/riscv64-unknown-linux-gnu/include/c++/15.1.0/bits/stl_vector.h:106:4: optimized: basic block part vectorized using 16 byte vectors
/scratch/ruimins/riscv_gnu_toolchain/install/riscv64-unknown-linux-gnu/include/c++/15.1.0/bits/stl_vector.h:106:4: optimized: basic block part vectorized using 16 byte vectors
../lib/gates_qsim.h:576:3: optimized: basic block part vectorized using 16 byte vectors
../lib/gates_qsim.h:576:3: optimized: basic block part vectorized using 16 byte vectors
/scratch/ruimins/riscv_gnu_toolchain/install/riscv64-unknown-linux-gnu/include/c++/15.1.0/bits/stl_vector.h:106:4: optimized: basic block part vectorized using 16 byte vectors
/scratch/ruimins/riscv_gnu_toolchain/install/riscv64-unknown-linux-gnu/include/c++/15.1.0/bits/stl_vector.h:106:4: optimized: basic block part vectorized using 16 byte vectors
/scratch/ruimins/riscv_gnu_toolchain/install/riscv64-unknown-linux-gnu/include/c++/15.1.0/bits/stl_vector.h:106:4: optimized: basic block part vectorized using 16 byte vectors
/scratch/ruimins/riscv_gnu_toolchain/install/riscv64-unknown-linux-gnu/include/c++/15.1.0/bits/stl_vector.h:106:4: optimized: basic block part vectorized using 16 byte vectors
../lib/gates_qsim.h:413:3: optimized: basic block part vectorized using 16 byte vectors
/scratch/ruimins/riscv_gnu_toolchain/install/riscv64-unknown-linux-gnu/include/c++/15.1.0/bits/stl_vector.h:106:4: optimized: basic block part vectorized using 16 byte vectors
../lib/gates_qsim.h:413:3: optimized: basic block part vectorized using 16 byte vectors
/scratch/ruimins/riscv_gnu_toolchain/install/riscv64-unknown-linux-gnu/include/c++/15.1.0/bits/stl_vector.h:106:4: optimized: basic block part vectorized using 16 byte vectors
/scratch/ruimins/riscv_gnu_toolchain/install/riscv64-unknown-linux-gnu/include/c++/15.1.0/bits/stl_vector.h:106:4: optimized: basic block part vectorized using 16 byte vectors
../lib/gates_qsim.h:440:3: optimized: basic block part vectorized using 16 byte vectors
/scratch/ruimins/riscv_gnu_toolchain/install/riscv64-unknown-linux-gnu/include/c++/15.1.0/bits/stl_vector.h:106:4: optimized: basic block part vectorized using 16 byte vectors
../lib/gates_qsim.h:440:3: optimized: basic block part vectorized using 16 byte vectors
/scratch/ruimins/riscv_gnu_toolchain/install/riscv64-unknown-linux-gnu/include/c++/15.1.0/bits/stl_vector.h:106:4: optimized: basic block part vectorized using 16 byte vectors
/scratch/ruimins/riscv_gnu_toolchain/install/riscv64-unknown-linux-gnu/include/c++/15.1.0/bits/stl_vector.h:106:4: optimized: basic block part vectorized using 16 byte vectors
../lib/gates_qsim.h:609:3: optimized: basic block part vectorized using 16 byte vectors
/scratch/ruimins/riscv_gnu_toolchain/install/riscv64-unknown-linux-gnu/include/c++/15.1.0/bits/stl_vector.h:106:4: optimized: basic block part vectorized using 16 byte vectors
../lib/gates_qsim.h:609:3: optimized: basic block part vectorized using 16 byte vectors
../lib/gates_qsim.h:609:3: optimized: basic block part vectorized using 16 byte vectors
../lib/gates_qsim.h:609:3: optimized: basic block part vectorized using 8 byte vectors
/scratch/ruimins/riscv_gnu_toolchain/install/riscv64-unknown-linux-gnu/include/c++/15.1.0/bits/stl_vector.h:106:4: optimized: basic block part vectorized using 16 byte vectors
/scratch/ruimins/riscv_gnu_toolchain/install/riscv64-unknown-linux-gnu/include/c++/15.1.0/bits/stl_vector.h:106:4: optimized: basic block part vectorized using 16 byte vectors
/scratch/ruimins/riscv_gnu_toolchain/install/riscv64-unknown-linux-gnu/include/c++/15.1.0/bits/stl_vector.h:106:4: optimized: basic block part vectorized using 16 byte vectors
/scratch/ruimins/riscv_gnu_toolchain/install/riscv64-unknown-linux-gnu/include/c++/15.1.0/bits/stl_vector.h:106:4: optimized: basic block part vectorized using 16 byte vectors
/scratch/ruimins/riscv_gnu_toolchain/install/riscv64-unknown-linux-gnu/include/c++/15.1.0/bits/stl_vector.h:106:4: optimized: basic block part vectorized using 16 byte vectors
/scratch/ruimins/riscv_gnu_toolchain/install/riscv64-unknown-linux-gnu/include/c++/15.1.0/bits/stl_vector.h:106:4: optimized: basic block part vectorized using 16 byte vectors
/scratch/ruimins/riscv_gnu_toolchain/install/riscv64-unknown-linux-gnu/include/c++/15.1.0/bits/stl_vector.h:106:4: optimized: basic block part vectorized using 16 byte vectors
/scratch/ruimins/riscv_gnu_toolchain/install/riscv64-unknown-linux-gnu/include/c++/15.1.0/bits/stl_vector.h:106:4: optimized: basic block part vectorized using 16 byte vectors
/scratch/ruimins/riscv_gnu_toolchain/install/riscv64-unknown-linux-gnu/include/c++/15.1.0/bits/stl_vector.h:106:4: optimized: basic block part vectorized using 16 byte vectors
/scratch/ruimins/riscv_gnu_toolchain/install/riscv64-unknown-linux-gnu/include/c++/15.1.0/bits/stl_vector.h:106:4: optimized: basic block part vectorized using 16 byte vectors
/scratch/ruimins/riscv_gnu_toolchain/install/riscv64-unknown-linux-gnu/include/c++/15.1.0/bits/stl_vector.h:106:4: optimized: basic block part vectorized using 16 byte vectors
/scratch/ruimins/riscv_gnu_toolchain/install/riscv64-unknown-linux-gnu/include/c++/15.1.0/bits/stl_vector.h:106:4: optimized: basic block part vectorized using 16 byte vectors
/scratch/ruimins/riscv_gnu_toolchain/install/riscv64-unknown-linux-gnu/include/c++/15.1.0/bits/stl_uninitialized.h:1310:22: optimized: loop vectorized using 8 byte vectors
../lib/hybrid.h:141:20: optimized: basic block part vectorized using 8 byte vectors
/scratch/ruimins/riscv_gnu_toolchain/install/riscv64-unknown-linux-gnu/include/c++/15.1.0/bits/stl_vector.h:106:4: optimized: basic block part vectorized using 16 byte vectors
/scratch/ruimins/riscv_gnu_toolchain/install/riscv64-unknown-linux-gnu/include/c++/15.1.0/bits/stl_vector.h:106:4: optimized: basic block part vectorized using 16 byte vectors
/scratch/ruimins/riscv_gnu_toolchain/install/riscv64-unknown-linux-gnu/include/c++/15.1.0/bits/stl_vector.h:106:4: optimized: basic block part vectorized using 16 byte vectors
/scratch/ruimins/riscv_gnu_toolchain/install/riscv64-unknown-linux-gnu/include/c++/15.1.0/bits/stl_vector.h:106:4: optimized: basic block part vectorized using 16 byte vectors
/scratch/ruimins/riscv_gnu_toolchain/install/riscv64-unknown-linux-gnu/include/c++/15.1.0/bits/stl_vector.h:106:4: optimized: basic block part vectorized using 16 byte vectors
/scratch/ruimins/riscv_gnu_toolchain/install/riscv64-unknown-linux-gnu/include/c++/15.1.0/bits/stl_vector.h:106:4: optimized: basic block part vectorized using 16 byte vectors
/scratch/ruimins/riscv_gnu_toolchain/install/riscv64-unknown-linux-gnu/include/c++/15.1.0/bits/stl_vector.h:106:4: optimized: basic block part vectorized using 16 byte vectors
/scratch/ruimins/riscv_gnu_toolchain/install/riscv64-unknown-linux-gnu/include/c++/15.1.0/bits/stl_vector.h:106:4: optimized: basic block part vectorized using 16 byte vectors
/scratch/ruimins/riscv_gnu_toolchain/install/riscv64-unknown-linux-gnu/include/c++/15.1.0/bits/stl_vector.h:106:4: optimized: basic block part vectorized using 16 byte vectors
/scratch/ruimins/riscv_gnu_toolchain/install/riscv64-unknown-linux-gnu/include/c++/15.1.0/bits/stl_vector.h:106:4: optimized: basic block part vectorized using 16 byte vectors
../lib/hybrid.h:277:3: optimized: basic block part vectorized using 16 byte vectors
../lib/hybrid.h:277:3: optimized: basic block part vectorized using 16 byte vectors
/scratch/ruimins/riscv_gnu_toolchain/install/riscv64-unknown-linux-gnu/include/c++/15.1.0/bits/stl_vector.h:114:17: optimized: basic block part vectorized using 16 byte vectors
/scratch/ruimins/riscv_gnu_toolchain/install/riscv64-unknown-linux-gnu/include/c++/15.1.0/bits/stl_vector.h:114:17: optimized: basic block part vectorized using 16 byte vectors
/scratch/ruimins/riscv_gnu_toolchain/install/riscv64-unknown-linux-gnu/include/c++/15.1.0/bits/stl_vector.h:121:13: optimized: basic block part vectorized using 16 byte vectors
../lib/hybrid.h:41:10: optimized: basic block part vectorized using 8 byte vectors
../lib/hybrid.h:41:10: optimized: basic block part vectorized using 8 byte vectors
/scratch/ruimins/riscv_gnu_toolchain/install/riscv64-unknown-linux-gnu/include/c++/15.1.0/bits/stl_vector.h:121:13: optimized: basic block part vectorized using 16 byte vectors
/scratch/ruimins/riscv_gnu_toolchain/install/riscv64-unknown-linux-gnu/include/c++/15.1.0/bits/stl_vector.h:121:13: optimized: basic block part vectorized using 16 byte vectors
/scratch/ruimins/riscv_gnu_toolchain/install/riscv64-unknown-linux-gnu/include/c++/15.1.0/bits/stl_vector.h:121:13: optimized: basic block part vectorized using 16 byte vectors
/scratch/ruimins/riscv_gnu_toolchain/install/riscv64-unknown-linux-gnu/include/c++/15.1.0/bits/stl_vector.h:121:13: optimized: basic block part vectorized using 16 byte vectors
/scratch/ruimins/riscv_gnu_toolchain/install/riscv64-unknown-linux-gnu/include/c++/15.1.0/bits/stl_vector.h:121:13: optimized: basic block part vectorized using 16 byte vectors
/scratch/ruimins/riscv_gnu_toolchain/install/riscv64-unknown-linux-gnu/include/c++/15.1.0/bits/stl_vector.h:121:13: optimized: basic block part vectorized using 16 byte vectors
/scratch/ruimins/riscv_gnu_toolchain/install/riscv64-unknown-linux-gnu/include/c++/15.1.0/bits/stl_vector.h:121:13: optimized: basic block part vectorized using 16 byte vectors
../lib/hybrid.h:41:10: optimized: basic block part vectorized using 2 byte vectors
../lib/hybrid.h:41:10: optimized: basic block part vectorized using 2 byte vectors
/scratch/ruimins/riscv_gnu_toolchain/install/riscv64-unknown-linux-gnu/include/c++/15.1.0/bits/stl_vector.h:114:17: optimized: basic block part vectorized using 16 byte vectors
/scratch/ruimins/riscv_gnu_toolchain/install/riscv64-unknown-linux-gnu/include/c++/15.1.0/bits/stl_vector.h:114:17: optimized: basic block part vectorized using 16 byte vectors
/scratch/ruimins/riscv_gnu_toolchain/install/riscv64-unknown-linux-gnu/include/c++/15.1.0/bits/stl_vector.h:121:13: optimized: basic block part vectorized using 16 byte vectors
../lib/hybrid.h:41:10: optimized: basic block part vectorized using 8 byte vectors
../lib/hybrid.h:41:10: optimized: basic block part vectorized using 8 byte vectors
/scratch/ruimins/riscv_gnu_toolchain/install/riscv64-unknown-linux-gnu/include/c++/15.1.0/bits/stl_vector.h:121:13: optimized: basic block part vectorized using 16 byte vectors
/scratch/ruimins/riscv_gnu_toolchain/install/riscv64-unknown-linux-gnu/include/c++/15.1.0/bits/stl_vector.h:121:13: optimized: basic block part vectorized using 16 byte vectors
/scratch/ruimins/riscv_gnu_toolchain/install/riscv64-unknown-linux-gnu/include/c++/15.1.0/bits/stl_vector.h:121:13: optimized: basic block part vectorized using 16 byte vectors
/scratch/ruimins/riscv_gnu_toolchain/install/riscv64-unknown-linux-gnu/include/c++/15.1.0/bits/stl_vector.h:121:13: optimized: basic block part vectorized using 16 byte vectors
/scratch/ruimins/riscv_gnu_toolchain/install/riscv64-unknown-linux-gnu/include/c++/15.1.0/bits/stl_vector.h:121:13: optimized: basic block part vectorized using 16 byte vectors
/scratch/ruimins/riscv_gnu_toolchain/install/riscv64-unknown-linux-gnu/include/c++/15.1.0/bits/stl_vector.h:121:13: optimized: basic block part vectorized using 16 byte vectors
/scratch/ruimins/riscv_gnu_toolchain/install/riscv64-unknown-linux-gnu/include/c++/15.1.0/bits/stl_vector.h:121:13: optimized: basic block part vectorized using 16 byte vectors
../lib/hybrid.h:41:10: optimized: basic block part vectorized using 2 byte vectors
../lib/hybrid.h:41:10: optimized: basic block part vectorized using 2 byte vectors
../lib/hybrid.h:260:7: optimized: basic block part vectorized using 16 byte vectors
../lib/hybrid.h:327:30: optimized: loop vectorized using variable length vectors
/scratch/ruimins/riscv_gnu_toolchain/install/riscv64-unknown-linux-gnu/include/c++/15.1.0/bits/stl_vector.h:106:4: optimized: basic block part vectorized using 16 byte vectors
/scratch/ruimins/riscv_gnu_toolchain/install/riscv64-unknown-linux-gnu/include/c++/15.1.0/bits/basic_ios.h:477:2: optimized: basic block part vectorized using 16 byte vectors
/scratch/ruimins/riscv_gnu_toolchain/install/riscv64-unknown-linux-gnu/include/c++/15.1.0/bits/basic_ios.h:477:2: optimized: basic block part vectorized using 16 byte vectors
../lib/bitstring.h:89:39: optimized: basic block part vectorized using 16 byte vectors
/scratch/ruimins/riscv_gnu_toolchain/install/riscv64-unknown-linux-gnu/include/c++/15.1.0/bits/stl_vector.h:106:4: optimized: basic block part vectorized using 16 byte vectors
../lib/run_qsimh.h:67:44: optimized: basic block part vectorized using 16 byte vectors
/scratch/ruimins/riscv_gnu_toolchain/install/riscv64-unknown-linux-gnu/include/c++/15.1.0/bits/stl_vector.h:106:4: optimized: basic block part vectorized using 16 byte vectors
/scratch/ruimins/riscv_gnu_toolchain/install/riscv64-unknown-linux-gnu/include/c++/15.1.0/bits/stl_vector.h:106:4: optimized: basic block part vectorized using 16 byte vectors
/scratch/ruimins/riscv_gnu_toolchain/install/riscv64-unknown-linux-gnu/include/c++/15.1.0/bits/stl_vector.h:106:4: optimized: basic block part vectorized using 16 byte vectors
../lib/parfor.h:55:33: optimized: loop vectorized using variable length vectors
../lib/parfor.h:55:33: optimized: loop vectorized using variable length vectors
../lib/parfor.h:55:33: optimized:  loop versioned for vectorization because of possible aliasing
/scratch/ruimins/riscv_gnu_toolchain/install/riscv64-unknown-linux-gnu/include/c++/15.1.0/bits/stl_heap.h:146:7: optimized: basic block part vectorized using 8 byte vectors
../lib/simulator_basic.h:201:32: optimized: loop vectorized using 16 byte vectors
../lib/simulator_basic.h:201:32: optimized: loop vectorized using variable length vectors
../lib/simulator_basic.h:188:30: optimized: loop vectorized using variable length vectors
../lib/simulator_basic.h:201:32: optimized: loop vectorized using 16 byte vectors
../lib/simulator_basic.h:201:32: optimized: loop vectorized using variable length vectors
../lib/simulator_basic.h:188:30: optimized: loop vectorized using variable length vectors
../lib/simulator.h:58:30: optimized: loop vectorized using variable length vectors
/scratch/ruimins/riscv_gnu_toolchain/install/riscv64-unknown-linux-gnu/include/c++/15.1.0/bits/stl_algo.h:1764:7: optimized: basic block part vectorized using 8 byte vectors
/scratch/ruimins/riscv_gnu_toolchain/install/riscv64-unknown-linux-gnu/include/c++/15.1.0/bits/stl_algo.h:1783:8: optimized: basic block part vectorized using 8 byte vectors
../lib/parfor.h:60:30: optimized: loop vectorized using variable length vectors
../lib/parfor.h:60:30: optimized:  loop versioned for vectorization because of possible aliasing
/scratch/ruimins/riscv_gnu_toolchain/install/riscv64-unknown-linux-gnu/include/c++/15.1.0/bits/move.h:237:7: optimized: basic block part vectorized using 8 byte vectors
/scratch/ruimins/riscv_gnu_toolchain/install/riscv64-unknown-linux-gnu/include/c++/15.1.0/bits/move.h:237:7: optimized: basic block part vectorized using 8 byte vectors
/scratch/ruimins/riscv_gnu_toolchain/install/riscv64-unknown-linux-gnu/include/c++/15.1.0/bits/move.h:237:7: optimized: basic block part vectorized using 8 byte vectors
/scratch/ruimins/riscv_gnu_toolchain/install/riscv64-unknown-linux-gnu/include/c++/15.1.0/bits/move.h:237:7: optimized: basic block part vectorized using 8 byte vectors
/scratch/ruimins/riscv_gnu_toolchain/install/riscv64-unknown-linux-gnu/include/c++/15.1.0/bits/move.h:237:7: optimized: basic block part vectorized using 8 byte vectors
/scratch/ruimins/riscv_gnu_toolchain/install/riscv64-unknown-linux-gnu/include/c++/15.1.0/bits/move.h:237:7: optimized: basic block part vectorized using 8 byte vectors
/scratch/ruimins/riscv_gnu_toolchain/install/riscv64-unknown-linux-gnu/include/c++/15.1.0/bits/stl_vector.h:121:13: optimized: basic block part vectorized using 16 byte vectors
../lib/hybrid.h:41:10: optimized: basic block part vectorized using 8 byte vectors
/scratch/ruimins/riscv_gnu_toolchain/install/riscv64-unknown-linux-gnu/include/c++/15.1.0/bits/stl_vector.h:121:13: optimized: basic block part vectorized using 16 byte vectors
/scratch/ruimins/riscv_gnu_toolchain/install/riscv64-unknown-linux-gnu/include/c++/15.1.0/bits/stl_vector.h:121:13: optimized: basic block part vectorized using 16 byte vectors
/scratch/ruimins/riscv_gnu_toolchain/install/riscv64-unknown-linux-gnu/include/c++/15.1.0/bits/stl_vector.h:121:13: optimized: basic block part vectorized using 16 byte vectors
/scratch/ruimins/riscv_gnu_toolchain/install/riscv64-unknown-linux-gnu/include/c++/15.1.0/bits/stl_vector.h:121:13: optimized: basic block part vectorized using 16 byte vectors
/scratch/ruimins/riscv_gnu_toolchain/install/riscv64-unknown-linux-gnu/include/c++/15.1.0/bits/stl_vector.h:121:13: optimized: basic block part vectorized using 16 byte vectors
/scratch/ruimins/riscv_gnu_toolchain/install/riscv64-unknown-linux-gnu/include/c++/15.1.0/bits/stl_vector.h:121:13: optimized: basic block part vectorized using 16 byte vectors
/scratch/ruimins/riscv_gnu_toolchain/install/riscv64-unknown-linux-gnu/include/c++/15.1.0/bits/stl_vector.h:121:13: optimized: basic block part vectorized using 16 byte vectors
../lib/hybrid.h:41:10: optimized: basic block part vectorized using 2 byte vectors
../lib/simulator_basic.h:266:34: optimized: loop vectorized using 16 byte vectors
../lib/simulator_basic.h:266:34: optimized: loop vectorized using variable length vectors
../lib/simulator_basic.h:201:32: optimized: loop vectorized using 16 byte vectors
../lib/simulator_basic.h:201:32: optimized: loop vectorized using variable length vectors
../lib/simulator_basic.h:201:32: optimized: loop vectorized using 16 byte vectors
../lib/simulator_basic.h:201:32: optimized: loop vectorized using variable length vectors
../lib/simulator_basic.h:188:30: optimized: loop vectorized using variable length vectors
../lib/simulator_basic.h:201:32: optimized: loop vectorized using 16 byte vectors
../lib/simulator_basic.h:201:32: optimized: loop vectorized using variable length vectors
../lib/simulator_basic.h:188:30: optimized: loop vectorized using variable length vectors
../lib/simulator.h:58:30: optimized: loop vectorized using variable length vectors
../lib/simulator_basic.h:266:34: optimized: loop vectorized using 16 byte vectors
../lib/simulator_basic.h:266:34: optimized: loop vectorized using variable length vectors
../lib/simulator.h:58:30: optimized: loop vectorized using variable length vectors
../lib/gate.h:125:8: optimized: basic block part vectorized using 2 byte vectors
../lib/gate.h:125:8: optimized: basic block part vectorized using 8 byte vectors
/scratch/ruimins/riscv_gnu_toolchain/install/riscv64-unknown-linux-gnu/include/c++/15.1.0/bits/stl_vector.h:112:4: optimized: basic block part vectorized using 16 byte vectors
/scratch/ruimins/riscv_gnu_toolchain/install/riscv64-unknown-linux-gnu/include/c++/15.1.0/bits/stl_vector.h:112:4: optimized: basic block part vectorized using 16 byte vectors
/scratch/ruimins/riscv_gnu_toolchain/install/riscv64-unknown-linux-gnu/include/c++/15.1.0/bits/stl_vector.h:114:17: optimized: basic block part vectorized using 16 byte vectors
/scratch/ruimins/riscv_gnu_toolchain/install/riscv64-unknown-linux-gnu/include/c++/15.1.0/bits/stl_vector.h:114:17: optimized: basic block part vectorized using 16 byte vectors
../lib/gate.h:125:8: optimized: basic block part vectorized using 2 byte vectors
../lib/gate.h:125:8: optimized: basic block part vectorized using 8 byte vectors
../lib/gate.h:125:8: optimized: basic block part vectorized using 2 byte vectors
../lib/gate.h:125:8: optimized: basic block part vectorized using 8 byte vectors
../lib/hybrid.h:41:10: optimized: basic block part vectorized using 2 byte vectors
../lib/hybrid.h:41:10: optimized: basic block part vectorized using 8 byte vectors
/scratch/ruimins/riscv_gnu_toolchain/install/riscv64-unknown-linux-gnu/include/c++/15.1.0/bits/stl_vector.h:112:4: optimized: basic block part vectorized using 16 byte vectors
/scratch/ruimins/riscv_gnu_toolchain/install/riscv64-unknown-linux-gnu/include/c++/15.1.0/bits/stl_vector.h:112:4: optimized: basic block part vectorized using 16 byte vectors
/scratch/ruimins/riscv_gnu_toolchain/install/riscv64-unknown-linux-gnu/include/c++/15.1.0/bits/stl_vector.h:114:17: optimized: basic block part vectorized using 16 byte vectors
/scratch/ruimins/riscv_gnu_toolchain/install/riscv64-unknown-linux-gnu/include/c++/15.1.0/bits/stl_vector.h:114:17: optimized: basic block part vectorized using 16 byte vectors
../lib/hybrid.h:41:10: optimized: basic block part vectorized using 2 byte vectors
../lib/hybrid.h:41:10: optimized: basic block part vectorized using 8 byte vectors
../lib/hybrid.h:41:10: optimized: basic block part vectorized using 2 byte vectors
../lib/hybrid.h:41:10: optimized: basic block part vectorized using 8 byte vectors
/scratch/ruimins/riscv_gnu_toolchain/install/riscv64-unknown-linux-gnu/include/c++/15.1.0/bits/stl_uninitialized.h:1310:22: optimized: loop vectorized using 8 byte vectors
../lib/fuser.h:31:8: optimized: basic block part vectorized using 8 byte vectors
/scratch/ruimins/riscv_gnu_toolchain/install/riscv64-unknown-linux-gnu/include/c++/15.1.0/bits/stl_vector.h:112:4: optimized: basic block part vectorized using 16 byte vectors
/scratch/ruimins/riscv_gnu_toolchain/install/riscv64-unknown-linux-gnu/include/c++/15.1.0/bits/stl_vector.h:114:17: optimized: basic block part vectorized using 16 byte vectors
/scratch/ruimins/riscv_gnu_toolchain/install/riscv64-unknown-linux-gnu/include/c++/15.1.0/bits/stl_vector.h:114:17: optimized: basic block part vectorized using 16 byte vectors
../lib/fuser.h:31:8: optimized: basic block part vectorized using 8 byte vectors
/scratch/ruimins/riscv_gnu_toolchain/install/riscv64-unknown-linux-gnu/include/c++/15.1.0/bits/stl_vector.h:114:17: optimized: basic block part vectorized using 16 byte vectors
/scratch/ruimins/riscv_gnu_toolchain/install/riscv64-unknown-linux-gnu/include/c++/15.1.0/bits/stl_vector.h:114:17: optimized: basic block part vectorized using 16 byte vectors
/scratch/ruimins/riscv_gnu_toolchain/install/riscv64-unknown-linux-gnu/include/c++/15.1.0/bits/stl_vector.h:114:17: optimized: basic block part vectorized using 16 byte vectors
/scratch/ruimins/riscv_gnu_toolchain/install/riscv64-unknown-linux-gnu/include/c++/15.1.0/bits/stl_vector.h:121:13: optimized: basic block part vectorized using 16 byte vectors
/scratch/ruimins/riscv_gnu_toolchain/install/riscv64-unknown-linux-gnu/include/c++/15.1.0/bits/stl_vector.h:121:13: optimized: basic block part vectorized using 16 byte vectors
/scratch/ruimins/riscv_gnu_toolchain/install/riscv64-unknown-linux-gnu/include/c++/15.1.0/bits/stl_vector.h:121:13: optimized: basic block part vectorized using 16 byte vectors
/scratch/ruimins/riscv_gnu_toolchain/install/riscv64-unknown-linux-gnu/include/c++/15.1.0/bits/stl_vector.h:121:13: optimized: basic block part vectorized using 16 byte vectors
/scratch/ruimins/riscv_gnu_toolchain/install/riscv64-unknown-linux-gnu/include/c++/15.1.0/bits/stl_vector.h:121:13: optimized: basic block part vectorized using 16 byte vectors
/scratch/ruimins/riscv_gnu_toolchain/install/riscv64-unknown-linux-gnu/include/c++/15.1.0/bits/stl_vector.h:121:13: optimized: basic block part vectorized using 16 byte vectors
/scratch/ruimins/riscv_gnu_toolchain/install/riscv64-unknown-linux-gnu/include/c++/15.1.0/bits/stl_vector.h:121:13: optimized: basic block part vectorized using 16 byte vectors
/scratch/ruimins/riscv_gnu_toolchain/install/riscv64-unknown-linux-gnu/include/c++/15.1.0/bits/stl_vector.h:121:13: optimized: basic block part vectorized using 16 byte vectors
../lib/hybrid.h:41:10: optimized: basic block part vectorized using 2 byte vectors
/scratch/ruimins/riscv_gnu_toolchain/install/riscv64-unknown-linux-gnu/include/c++/15.1.0/bits/stl_vector.h:121:13: optimized: basic block part vectorized using 16 byte vectors
/scratch/ruimins/riscv_gnu_toolchain/install/riscv64-unknown-linux-gnu/include/c++/15.1.0/bits/stl_vector.h:121:13: optimized: basic block part vectorized using 16 byte vectors
/scratch/ruimins/riscv_gnu_toolchain/install/riscv64-unknown-linux-gnu/include/c++/15.1.0/bits/stl_vector.h:121:13: optimized: basic block part vectorized using 16 byte vectors
/scratch/ruimins/riscv_gnu_toolchain/install/riscv64-unknown-linux-gnu/include/c++/15.1.0/bits/stl_vector.h:121:13: optimized: basic block part vectorized using 16 byte vectors
../lib/hybrid.h:41:10: optimized: basic block part vectorized using 2 byte vectors
/scratch/ruimins/riscv_gnu_toolchain/install/riscv64-unknown-linux-gnu/include/c++/15.1.0/bits/stl_vector.h:114:17: optimized: basic block part vectorized using 16 byte vectors
/scratch/ruimins/riscv_gnu_toolchain/install/riscv64-unknown-linux-gnu/include/c++/15.1.0/bits/stl_vector.h:114:17: optimized: basic block part vectorized using 16 byte vectors
/scratch/ruimins/riscv_gnu_toolchain/install/riscv64-unknown-linux-gnu/include/c++/15.1.0/bits/stl_vector.h:121:13: optimized: basic block part vectorized using 16 byte vectors
../lib/hybrid.h:41:10: optimized: basic block part vectorized using 8 byte vectors
/scratch/ruimins/riscv_gnu_toolchain/install/riscv64-unknown-linux-gnu/include/c++/15.1.0/bits/stl_vector.h:121:13: optimized: basic block part vectorized using 16 byte vectors
/scratch/ruimins/riscv_gnu_toolchain/install/riscv64-unknown-linux-gnu/include/c++/15.1.0/bits/stl_vector.h:121:13: optimized: basic block part vectorized using 16 byte vectors
/scratch/ruimins/riscv_gnu_toolchain/install/riscv64-unknown-linux-gnu/include/c++/15.1.0/bits/stl_vector.h:121:13: optimized: basic block part vectorized using 16 byte vectors
/scratch/ruimins/riscv_gnu_toolchain/install/riscv64-unknown-linux-gnu/include/c++/15.1.0/bits/stl_vector.h:121:13: optimized: basic block part vectorized using 16 byte vectors
/scratch/ruimins/riscv_gnu_toolchain/install/riscv64-unknown-linux-gnu/include/c++/15.1.0/bits/stl_vector.h:121:13: optimized: basic block part vectorized using 16 byte vectors
/scratch/ruimins/riscv_gnu_toolchain/install/riscv64-unknown-linux-gnu/include/c++/15.1.0/bits/stl_vector.h:121:13: optimized: basic block part vectorized using 16 byte vectors
/scratch/ruimins/riscv_gnu_toolchain/install/riscv64-unknown-linux-gnu/include/c++/15.1.0/bits/stl_vector.h:121:13: optimized: basic block part vectorized using 16 byte vectors
../lib/hybrid.h:41:10: optimized: basic block part vectorized using 2 byte vectors
/scratch/ruimins/riscv_gnu_toolchain/install/riscv64-unknown-linux-gnu/include/c++/15.1.0/bits/stl_vector.h:121:13: optimized: basic block part vectorized using 16 byte vectors
/scratch/ruimins/riscv_gnu_toolchain/install/riscv64-unknown-linux-gnu/include/c++/15.1.0/bits/stl_vector.h:121:13: optimized: basic block part vectorized using 16 byte vectors
/scratch/ruimins/riscv_gnu_toolchain/install/riscv64-unknown-linux-gnu/include/c++/15.1.0/bits/stl_vector.h:121:13: optimized: basic block part vectorized using 16 byte vectors
/scratch/ruimins/riscv_gnu_toolchain/install/riscv64-unknown-linux-gnu/include/c++/15.1.0/bits/stl_vector.h:121:13: optimized: basic block part vectorized using 16 byte vectors
../lib/hybrid.h:41:10: optimized: basic block part vectorized using 2 byte vectors
../lib/parfor.h:60:30: optimized: loop vectorized using variable length vectors
../lib/parfor.h:60:30: optimized:  loop versioned for vectorization because of possible aliasing
../lib/simulator.h:58:30: optimized: loop vectorized using variable length vectors
../lib/simulator.h:58:30: optimized: loop vectorized using variable length vectors
../lib/simulator_basic.h:201:32: optimized: loop vectorized using 16 byte vectors
../lib/simulator_basic.h:201:32: optimized: loop vectorized using variable length vectors
../lib/simulator.h:58:30: optimized: loop vectorized using variable length vectors
../lib/simulator.h:58:30: optimized: loop vectorized using variable length vectors
../lib/simulator.h:58:30: optimized: loop vectorized using variable length vectors
/scratch/ruimins/riscv_gnu_toolchain/install/riscv64-unknown-linux-gnu/include/c++/15.1.0/bits/stl_vector.h:121:13: optimized: basic block part vectorized using 16 byte vectors
/scratch/ruimins/riscv_gnu_toolchain/install/riscv64-unknown-linux-gnu/include/c++/15.1.0/bits/stl_vector.h:121:13: optimized: basic block part vectorized using 16 byte vectors
/scratch/ruimins/riscv_gnu_toolchain/install/riscv64-unknown-linux-gnu/include/c++/15.1.0/bits/stl_vector.h:121:13: optimized: basic block part vectorized using 16 byte vectors
/scratch/ruimins/riscv_gnu_toolchain/install/riscv64-unknown-linux-gnu/include/c++/15.1.0/bits/stl_vector.h:121:13: optimized: basic block part vectorized using 16 byte vectors
/scratch/ruimins/riscv_gnu_toolchain/install/riscv64-unknown-linux-gnu/include/c++/15.1.0/bits/stl_vector.h:121:13: optimized: basic block part vectorized using 16 byte vectors
/scratch/ruimins/riscv_gnu_toolchain/install/riscv64-unknown-linux-gnu/include/c++/15.1.0/bits/stl_vector.h:121:13: optimized: basic block part vectorized using 16 byte vectors
/scratch/ruimins/riscv_gnu_toolchain/install/riscv64-unknown-linux-gnu/include/c++/15.1.0/bits/stl_vector.h:121:13: optimized: basic block part vectorized using 16 byte vectors
/scratch/ruimins/riscv_gnu_toolchain/install/riscv64-unknown-linux-gnu/include/c++/15.1.0/bits/stl_vector.h:121:13: optimized: basic block part vectorized using 16 byte vectors
../lib/hybrid.h:41:10: optimized: basic block part vectorized using 2 byte vectors
/scratch/ruimins/riscv_gnu_toolchain/install/riscv64-unknown-linux-gnu/include/c++/15.1.0/bits/stl_vector.h:114:17: optimized: basic block part vectorized using 16 byte vectors
/scratch/ruimins/riscv_gnu_toolchain/install/riscv64-unknown-linux-gnu/include/c++/15.1.0/bits/stl_vector.h:114:17: optimized: basic block part vectorized using 16 byte vectors
/scratch/ruimins/riscv_gnu_toolchain/install/riscv64-unknown-linux-gnu/include/c++/15.1.0/bits/stl_vector.h:121:13: optimized: basic block part vectorized using 16 byte vectors
/scratch/ruimins/riscv_gnu_toolchain/install/riscv64-unknown-linux-gnu/include/c++/15.1.0/bits/stl_vector.h:121:13: optimized: basic block part vectorized using 16 byte vectors
/scratch/ruimins/riscv_gnu_toolchain/install/riscv64-unknown-linux-gnu/include/c++/15.1.0/bits/stl_vector.h:121:13: optimized: basic block part vectorized using 16 byte vectors
/scratch/ruimins/riscv_gnu_toolchain/install/riscv64-unknown-linux-gnu/include/c++/15.1.0/bits/stl_vector.h:121:13: optimized: basic block part vectorized using 16 byte vectors
/scratch/ruimins/riscv_gnu_toolchain/install/riscv64-unknown-linux-gnu/include/c++/15.1.0/bits/stl_vector.h:121:13: optimized: basic block part vectorized using 16 byte vectors
/scratch/ruimins/riscv_gnu_toolchain/install/riscv64-unknown-linux-gnu/include/c++/15.1.0/bits/stl_vector.h:121:13: optimized: basic block part vectorized using 16 byte vectors
/scratch/ruimins/riscv_gnu_toolchain/install/riscv64-unknown-linux-gnu/include/c++/15.1.0/bits/stl_vector.h:121:13: optimized: basic block part vectorized using 16 byte vectors
/scratch/ruimins/riscv_gnu_toolchain/install/riscv64-unknown-linux-gnu/include/c++/15.1.0/bits/stl_vector.h:121:13: optimized: basic block part vectorized using 16 byte vectors
../lib/hybrid.h:41:10: optimized: basic block part vectorized using 2 byte vectors
../lib/hybrid.h:41:10: optimized: basic block part vectorized using 8 byte vectors
/scratch/ruimins/riscv_gnu_toolchain/install/riscv64-unknown-linux-gnu/include/c++/15.1.0/bits/stl_vector.h:121:13: optimized: basic block part vectorized using 16 byte vectors
/scratch/ruimins/riscv_gnu_toolchain/install/riscv64-unknown-linux-gnu/include/c++/15.1.0/bits/stl_vector.h:121:13: optimized: basic block part vectorized using 16 byte vectors
/scratch/ruimins/riscv_gnu_toolchain/install/riscv64-unknown-linux-gnu/include/c++/15.1.0/bits/stl_vector.h:121:13: optimized: basic block part vectorized using 16 byte vectors
/scratch/ruimins/riscv_gnu_toolchain/install/riscv64-unknown-linux-gnu/include/c++/15.1.0/bits/stl_vector.h:121:13: optimized: basic block part vectorized using 16 byte vectors
../lib/hybrid.h:41:10: optimized: basic block part vectorized using 2 byte vectors
../lib/hybrid.h:41:10: optimized: basic block part vectorized using 2 byte vectors
../lib/hybrid.h:41:10: optimized: basic block part vectorized using 8 byte vectors
/scratch/ruimins/riscv_gnu_toolchain/install/riscv64-unknown-linux-gnu/include/c++/15.1.0/bits/stl_uninitialized.h:1310:22: optimized: loop vectorized using 8 byte vectors
../lib/parfor.h:60:30: optimized: loop vectorized using variable length vectors
/scratch/ruimins/riscv_gnu_toolchain/install/riscv64-unknown-linux-gnu/include/c++/15.1.0/bits/basic_ios.h:477:2: optimized: basic block part vectorized using 16 byte vectors
qsimh_amplitudes.cc:41:8: optimized: basic block part vectorized using 16 byte vectors
/scratch/ruimins/riscv_gnu_toolchain/install/riscv64-unknown-linux-gnu/include/c++/15.1.0/bits/stl_vector.h:106:4: optimized: basic block part vectorized using 16 byte vectors
/scratch/ruimins/riscv_gnu_toolchain/install/riscv64-unknown-linux-gnu/include/c++/15.1.0/bits/stl_vector.h:106:4: optimized: basic block part vectorized using 16 byte vectors
/scratch/ruimins/riscv_gnu_toolchain/install/riscv64-unknown-linux-gnu/include/c++/15.1.0/bits/stl_vector.h:106:4: optimized: basic block part vectorized using 16 byte vectors
../lib/gate.h:125:8: optimized: basic block part vectorized using 2 byte vectors
../lib/gate.h:125:8: optimized: basic block part vectorized using 8 byte vectors
/scratch/ruimins/riscv_gnu_toolchain/install/riscv64-unknown-linux-gnu/include/c++/15.1.0/bits/stl_vector.h:106:4: optimized: basic block part vectorized using 16 byte vectors
/scratch/ruimins/riscv_gnu_toolchain/install/riscv64-unknown-linux-gnu/include/c++/15.1.0/bits/stl_vector.h:106:4: optimized: basic block part vectorized using 16 byte vectors
/scratch/ruimins/riscv_gnu_toolchain/install/riscv64-unknown-linux-gnu/include/c++/15.1.0/bits/stl_algobase.h:924:22: optimized: loop vectorized using variable length vectors
/scratch/ruimins/riscv_gnu_toolchain/install/riscv64-unknown-linux-gnu/include/c++/15.1.0/bits/stl_uninitialized.h:144:22: optimized: loop vectorized using variable length vectors
/scratch/ruimins/riscv_gnu_toolchain/install/riscv64-unknown-linux-gnu/include/c++/15.1.0/bits/stl_uninitialized.h:144:22: optimized:  loop versioned for vectorization because of possible aliasing
/scratch/ruimins/riscv_gnu_toolchain/install/riscv64-unknown-linux-gnu/include/c++/15.1.0/bits/stl_algobase.h:924:22: optimized: loop vectorized using variable length vectors
/scratch/ruimins/riscv_gnu_toolchain/install/riscv64-unknown-linux-gnu/include/c++/15.1.0/bits/stl_uninitialized.h:144:22: optimized: loop vectorized using variable length vectors
/scratch/ruimins/riscv_gnu_toolchain/install/riscv64-unknown-linux-gnu/include/c++/15.1.0/bits/stl_uninitialized.h:144:22: optimized:  loop versioned for vectorization because of possible aliasing
/scratch/ruimins/riscv_gnu_toolchain/install/riscv64-unknown-linux-gnu/include/c++/15.1.0/bits/stl_uninitialized.h:469:7: optimized: loop vectorized using variable length vectors
/scratch/ruimins/riscv_gnu_toolchain/install/riscv64-unknown-linux-gnu/include/c++/15.1.0/bits/stl_uninitialized.h:144:22: optimized: loop vectorized using variable length vectors
/scratch/ruimins/riscv_gnu_toolchain/install/riscv64-unknown-linux-gnu/include/c++/15.1.0/bits/stl_uninitialized.h:144:22: optimized:  loop versioned for vectorization because of possible aliasing
/scratch/ruimins/riscv_gnu_toolchain/install/riscv64-unknown-linux-gnu/include/c++/15.1.0/bits/stl_uninitialized.h:469:7: optimized: loop vectorized using variable length vectors
../lib/gates_qsim.h:281:49: optimized: basic block part vectorized using 8 byte vectors
../lib/gate.h:31:29: optimized: loop vectorized using 16 byte vectors
../lib/gate.h:31:29: optimized:  loop versioned for vectorization to enhance alignment
../lib/gate.h:31:29: optimized: loop vectorized using 16 byte vectors
../lib/gate.h:31:29: optimized:  loop versioned for vectorization to enhance alignment
../lib/gate.h:31:29: optimized: loop vectorized using 16 byte vectors
../lib/gate.h:31:29: optimized:  loop versioned for vectorization to enhance alignment
../lib/gate.h:31:29: optimized: loop vectorized using 16 byte vectors
../lib/gate.h:31:29: optimized:  loop versioned for vectorization to enhance alignment
../lib/gate.h:31:29: optimized: loop vectorized using 16 byte vectors
../lib/gate.h:31:29: optimized:  loop versioned for vectorization to enhance alignment
../lib/circuit_qsim_parser.h:360:21: optimized: basic block part vectorized using 16 byte vectors
/scratch/ruimins/riscv_gnu_toolchain/install/riscv64-unknown-linux-gnu/include/c++/15.1.0/bits/stl_vector.h:112:4: optimized: basic block part vectorized using 16 byte vectors
/scratch/ruimins/riscv_gnu_toolchain/install/riscv64-unknown-linux-gnu/include/c++/15.1.0/bits/stl_vector.h:112:4: optimized: basic block part vectorized using 16 byte vectors
/scratch/ruimins/riscv_gnu_toolchain/install/riscv64-unknown-linux-gnu/include/c++/15.1.0/bits/stl_vector.h:112:4: optimized: basic block part vectorized using 16 byte vectors
/scratch/ruimins/riscv_gnu_toolchain/install/riscv64-unknown-linux-gnu/include/c++/15.1.0/bits/stl_vector.h:112:4: optimized: basic block part vectorized using 16 byte vectors
/scratch/ruimins/riscv_gnu_toolchain/install/riscv64-unknown-linux-gnu/include/c++/15.1.0/bits/stl_vector.h:112:4: optimized: basic block part vectorized using 16 byte vectors
/scratch/ruimins/riscv_gnu_toolchain/install/riscv64-unknown-linux-gnu/include/c++/15.1.0/bits/stl_vector.h:112:4: optimized: basic block part vectorized using 16 byte vectors
../lib/circuit_qsim_parser.h:240:31: optimized: loop vectorized using 16 byte vectors
../lib/circuit_qsim_parser.h:240:31: optimized:  loop versioned for vectorization to enhance alignment
../lib/gate.h:125:8: optimized: basic block part vectorized using 2 byte vectors
../lib/gate.h:125:8: optimized: basic block part vectorized using 8 byte vectors
/scratch/ruimins/riscv_gnu_toolchain/install/riscv64-unknown-linux-gnu/include/c++/15.1.0/bits/basic_ios.h:477:2: optimized: basic block part vectorized using 16 byte vectors
/scratch/ruimins/riscv_gnu_toolchain/install/riscv64-unknown-linux-gnu/include/c++/15.1.0/bits/stl_vector.h:106:4: optimized: basic block part vectorized using 16 byte vectors
/scratch/ruimins/riscv_gnu_toolchain/install/riscv64-unknown-linux-gnu/include/c++/15.1.0/bits/stl_vector.h:106:4: optimized: basic block part vectorized using 16 byte vectors
/scratch/ruimins/riscv_gnu_toolchain/install/riscv64-unknown-linux-gnu/include/c++/15.1.0/bits/stl_vector.h:106:4: optimized: basic block part vectorized using 16 byte vectors
../lib/matrix.h:195:26: optimized: loop vectorized using variable length vectors
../lib/matrix.h:79:30: optimized: loop vectorized using variable length vectors
../lib/matrix.h:79:30: optimized: loop vectorized using variable length vectors
../lib/fuser.h:187:35: optimized: loop vectorized using 16 byte vectors
../lib/matrix.h:57:26: optimized: loop vectorized using variable length vectors
/scratch/ruimins/riscv_gnu_toolchain/install/riscv64-unknown-linux-gnu/include/c++/15.1.0/bits/stl_uninitialized.h:1310:22: optimized: loop vectorized using 8 byte vectors
/scratch/ruimins/riscv_gnu_toolchain/install/riscv64-unknown-linux-gnu/include/c++/15.1.0/bits/stl_vector.h:106:4: optimized: basic block part vectorized using 16 byte vectors
/scratch/ruimins/riscv_gnu_toolchain/install/riscv64-unknown-linux-gnu/include/c++/15.1.0/bits/stl_vector.h:106:4: optimized: basic block part vectorized using 16 byte vectors
/scratch/ruimins/riscv_gnu_toolchain/install/riscv64-unknown-linux-gnu/include/c++/15.1.0/bits/stl_vector.h:106:4: optimized: basic block part vectorized using 16 byte vectors
/scratch/ruimins/riscv_gnu_toolchain/install/riscv64-unknown-linux-gnu/include/c++/15.1.0/bits/stl_vector.h:106:4: optimized: basic block part vectorized using 16 byte vectors
/scratch/ruimins/riscv_gnu_toolchain/install/riscv64-unknown-linux-gnu/include/c++/15.1.0/bits/stl_uninitialized.h:144:22: optimized: loop vectorized using variable length vectors
/scratch/ruimins/riscv_gnu_toolchain/install/riscv64-unknown-linux-gnu/include/c++/15.1.0/bits/stl_uninitialized.h:144:22: optimized:  loop versioned for vectorization because of possible aliasing
/scratch/ruimins/riscv_gnu_toolchain/install/riscv64-unknown-linux-gnu/include/c++/15.1.0/bits/stl_uninitialized.h:875:15: optimized: loop vectorized using 16 byte vectors
/scratch/ruimins/riscv_gnu_toolchain/install/riscv64-unknown-linux-gnu/include/c++/15.1.0/bits/stl_vector.h:106:4: optimized: basic block part vectorized using 16 byte vectors
/scratch/ruimins/riscv_gnu_toolchain/install/riscv64-unknown-linux-gnu/include/c++/15.1.0/bits/stl_vector.h:106:4: optimized: basic block part vectorized using 16 byte vectors
/scratch/ruimins/riscv_gnu_toolchain/install/riscv64-unknown-linux-gnu/include/c++/15.1.0/bits/stl_vector.h:106:4: optimized: basic block part vectorized using 16 byte vectors
../lib/fuser_basic.h:368:15: optimized: basic block part vectorized using 8 byte vectors
../lib/fuser_basic.h:368:15: optimized: basic block part vectorized using 8 byte vectors
../lib/fuser_basic.h:338:3: optimized: basic block part vectorized using 8 byte vectors
/scratch/ruimins/riscv_gnu_toolchain/install/riscv64-unknown-linux-gnu/include/c++/15.1.0/bits/stl_vector.h:106:4: optimized: basic block part vectorized using 16 byte vectors
../lib/fuser_basic.h:368:15: optimized: basic block part vectorized using 8 byte vectors
../lib/fuser_basic.h:305:19: optimized: basic block part vectorized using 8 byte vectors
/scratch/ruimins/riscv_gnu_toolchain/install/riscv64-unknown-linux-gnu/include/c++/15.1.0/bits/stl_vector.h:106:4: optimized: basic block part vectorized using 16 byte vectors
../lib/fuser_basic.h:306:29: optimized: basic block part vectorized using 16 byte vectors
../lib/fuser_basic.h:306:29: optimized: basic block part vectorized using 16 byte vectors
../lib/fuser.h:155:3: optimized: basic block part vectorized using 8 byte vectors
/scratch/ruimins/riscv_gnu_toolchain/install/riscv64-unknown-linux-gnu/include/c++/15.1.0/bits/stl_vector.h:106:4: optimized: basic block part vectorized using 16 byte vectors
/scratch/ruimins/riscv_gnu_toolchain/install/riscv64-unknown-linux-gnu/include/c++/15.1.0/bits/stl_vector.h:114:17: optimized: basic block part vectorized using 16 byte vectors
/scratch/ruimins/riscv_gnu_toolchain/install/riscv64-unknown-linux-gnu/include/c++/15.1.0/bits/stl_vector.h:114:17: optimized: basic block part vectorized using 16 byte vectors
../lib/hybrid.h:41:10: optimized: basic block part vectorized using 2 byte vectors
../lib/hybrid.h:41:10: optimized: basic block part vectorized using 8 byte vectors
/scratch/ruimins/riscv_gnu_toolchain/install/riscv64-unknown-linux-gnu/include/c++/15.1.0/bits/stl_vector.h:112:4: optimized: basic block part vectorized using 16 byte vectors
/scratch/ruimins/riscv_gnu_toolchain/install/riscv64-unknown-linux-gnu/include/c++/15.1.0/bits/stl_vector.h:112:4: optimized: basic block part vectorized using 16 byte vectors
../lib/hybrid.h:41:10: optimized: basic block part vectorized using 2 byte vectors
../lib/hybrid.h:41:10: optimized: basic block part vectorized using 8 byte vectors
/scratch/ruimins/riscv_gnu_toolchain/install/riscv64-unknown-linux-gnu/include/c++/15.1.0/bits/stl_vector.h:112:4: optimized: basic block part vectorized using 16 byte vectors
/scratch/ruimins/riscv_gnu_toolchain/install/riscv64-unknown-linux-gnu/include/c++/15.1.0/bits/stl_vector.h:112:4: optimized: basic block part vectorized using 16 byte vectors
../lib/hybrid.h:41:10: optimized: basic block part vectorized using 2 byte vectors
../lib/hybrid.h:41:10: optimized: basic block part vectorized using 8 byte vectors
/scratch/ruimins/riscv_gnu_toolchain/install/riscv64-unknown-linux-gnu/include/c++/15.1.0/bits/stl_vector.h:114:17: optimized: basic block part vectorized using 16 byte vectors
/scratch/ruimins/riscv_gnu_toolchain/install/riscv64-unknown-linux-gnu/include/c++/15.1.0/bits/stl_vector.h:114:17: optimized: basic block part vectorized using 16 byte vectors
../lib/hybrid.h:41:10: optimized: basic block part vectorized using 2 byte vectors
../lib/hybrid.h:41:10: optimized: basic block part vectorized using 8 byte vectors
/scratch/ruimins/riscv_gnu_toolchain/install/riscv64-unknown-linux-gnu/include/c++/15.1.0/bits/stl_vector.h:114:17: optimized: basic block part vectorized using 16 byte vectors
/scratch/ruimins/riscv_gnu_toolchain/install/riscv64-unknown-linux-gnu/include/c++/15.1.0/bits/stl_vector.h:114:17: optimized: basic block part vectorized using 16 byte vectors
../lib/hybrid.h:41:10: optimized: basic block part vectorized using 8 byte vectors
/scratch/ruimins/riscv_gnu_toolchain/install/riscv64-unknown-linux-gnu/include/c++/15.1.0/bits/stl_vector.h:121:13: optimized: basic block part vectorized using 16 byte vectors
/scratch/ruimins/riscv_gnu_toolchain/install/riscv64-unknown-linux-gnu/include/c++/15.1.0/bits/stl_vector.h:121:13: optimized: basic block part vectorized using 16 byte vectors
/scratch/ruimins/riscv_gnu_toolchain/install/riscv64-unknown-linux-gnu/include/c++/15.1.0/bits/stl_vector.h:121:13: optimized: basic block part vectorized using 16 byte vectors
/scratch/ruimins/riscv_gnu_toolchain/install/riscv64-unknown-linux-gnu/include/c++/15.1.0/bits/stl_vector.h:121:13: optimized: basic block part vectorized using 16 byte vectors
/scratch/ruimins/riscv_gnu_toolchain/install/riscv64-unknown-linux-gnu/include/c++/15.1.0/bits/stl_vector.h:121:13: optimized: basic block part vectorized using 16 byte vectors
../lib/hybrid.h:41:10: optimized: basic block part vectorized using 2 byte vectors
../lib/hybrid.h:41:10: optimized: basic block part vectorized using 8 byte vectors
/scratch/ruimins/riscv_gnu_toolchain/install/riscv64-unknown-linux-gnu/include/c++/15.1.0/bits/stl_vector.h:121:13: optimized: basic block part vectorized using 16 byte vectors
../lib/hybrid.h:41:10: optimized: basic block part vectorized using 2 byte vectors
/scratch/ruimins/riscv_gnu_toolchain/install/riscv64-unknown-linux-gnu/include/c++/15.1.0/bits/stl_vector.h:114:17: optimized: basic block part vectorized using 16 byte vectors
/scratch/ruimins/riscv_gnu_toolchain/install/riscv64-unknown-linux-gnu/include/c++/15.1.0/bits/stl_vector.h:114:17: optimized: basic block part vectorized using 16 byte vectors
/scratch/ruimins/riscv_gnu_toolchain/install/riscv64-unknown-linux-gnu/include/c++/15.1.0/bits/stl_vector.h:121:13: optimized: basic block part vectorized using 16 byte vectors
/scratch/ruimins/riscv_gnu_toolchain/install/riscv64-unknown-linux-gnu/include/c++/15.1.0/bits/stl_vector.h:121:13: optimized: basic block part vectorized using 16 byte vectors
/scratch/ruimins/riscv_gnu_toolchain/install/riscv64-unknown-linux-gnu/include/c++/15.1.0/bits/stl_vector.h:121:13: optimized: basic block part vectorized using 16 byte vectors
/scratch/ruimins/riscv_gnu_toolchain/install/riscv64-unknown-linux-gnu/include/c++/15.1.0/bits/stl_vector.h:121:13: optimized: basic block part vectorized using 16 byte vectors
../lib/hybrid.h:41:10: optimized: basic block part vectorized using 2 byte vectors
/scratch/ruimins/riscv_gnu_toolchain/install/riscv64-unknown-linux-gnu/include/c++/15.1.0/bits/stl_vector.h:121:13: optimized: basic block part vectorized using 16 byte vectors
../lib/hybrid.h:41:10: optimized: basic block part vectorized using 2 byte vectors
/scratch/ruimins/riscv_gnu_toolchain/install/riscv64-unknown-linux-gnu/include/c++/15.1.0/bits/stl_vector.h:114:17: optimized: basic block part vectorized using 16 byte vectors
/scratch/ruimins/riscv_gnu_toolchain/install/riscv64-unknown-linux-gnu/include/c++/15.1.0/bits/stl_vector.h:114:17: optimized: basic block part vectorized using 16 byte vectors
/scratch/ruimins/riscv_gnu_toolchain/install/riscv64-unknown-linux-gnu/include/c++/15.1.0/bits/stl_vector.h:121:13: optimized: basic block part vectorized using 16 byte vectors
/scratch/ruimins/riscv_gnu_toolchain/install/riscv64-unknown-linux-gnu/include/c++/15.1.0/bits/stl_vector.h:121:13: optimized: basic block part vectorized using 16 byte vectors
/scratch/ruimins/riscv_gnu_toolchain/install/riscv64-unknown-linux-gnu/include/c++/15.1.0/bits/stl_vector.h:121:13: optimized: basic block part vectorized using 16 byte vectors
/scratch/ruimins/riscv_gnu_toolchain/install/riscv64-unknown-linux-gnu/include/c++/15.1.0/bits/stl_vector.h:121:13: optimized: basic block part vectorized using 16 byte vectors
../lib/hybrid.h:41:10: optimized: basic block part vectorized using 2 byte vectors
/scratch/ruimins/riscv_gnu_toolchain/install/riscv64-unknown-linux-gnu/include/c++/15.1.0/bits/stl_vector.h:106:4: optimized: basic block part vectorized using 16 byte vectors
/scratch/ruimins/riscv_gnu_toolchain/install/riscv64-unknown-linux-gnu/include/c++/15.1.0/bits/stl_vector.h:106:4: optimized: basic block part vectorized using 16 byte vectors
../lib/gates_qsim.h:576:3: optimized: basic block part vectorized using 16 byte vectors
/scratch/ruimins/riscv_gnu_toolchain/install/riscv64-unknown-linux-gnu/include/c++/15.1.0/bits/stl_vector.h:106:4: optimized: basic block part vectorized using 16 byte vectors
../lib/gates_qsim.h:576:3: optimized: basic block part vectorized using 8 byte vectors
../lib/gates_qsim.h:576:3: optimized: basic block part vectorized using 8 byte vectors
../lib/gates_qsim.h:576:3: optimized: basic block part vectorized using 8 byte vectors
../lib/gates_qsim.h:576:3: optimized: basic block part vectorized using 8 byte vectors
/scratch/ruimins/riscv_gnu_toolchain/install/riscv64-unknown-linux-gnu/include/c++/15.1.0/bits/stl_vector.h:106:4: optimized: basic block part vectorized using 16 byte vectors
/scratch/ruimins/riscv_gnu_toolchain/install/riscv64-unknown-linux-gnu/include/c++/15.1.0/bits/stl_vector.h:106:4: optimized: basic block part vectorized using 16 byte vectors
../lib/gates_qsim.h:576:3: optimized: basic block part vectorized using 16 byte vectors
../lib/gates_qsim.h:576:3: optimized: basic block part vectorized using 16 byte vectors
/scratch/ruimins/riscv_gnu_toolchain/install/riscv64-unknown-linux-gnu/include/c++/15.1.0/bits/stl_vector.h:106:4: optimized: basic block part vectorized using 16 byte vectors
/scratch/ruimins/riscv_gnu_toolchain/install/riscv64-unknown-linux-gnu/include/c++/15.1.0/bits/stl_vector.h:106:4: optimized: basic block part vectorized using 16 byte vectors
/scratch/ruimins/riscv_gnu_toolchain/install/riscv64-unknown-linux-gnu/include/c++/15.1.0/bits/stl_vector.h:106:4: optimized: basic block part vectorized using 16 byte vectors
/scratch/ruimins/riscv_gnu_toolchain/install/riscv64-unknown-linux-gnu/include/c++/15.1.0/bits/stl_vector.h:106:4: optimized: basic block part vectorized using 16 byte vectors
../lib/gates_qsim.h:413:3: optimized: basic block part vectorized using 16 byte vectors
/scratch/ruimins/riscv_gnu_toolchain/install/riscv64-unknown-linux-gnu/include/c++/15.1.0/bits/stl_vector.h:106:4: optimized: basic block part vectorized using 16 byte vectors
../lib/gates_qsim.h:413:3: optimized: basic block part vectorized using 16 byte vectors
/scratch/ruimins/riscv_gnu_toolchain/install/riscv64-unknown-linux-gnu/include/c++/15.1.0/bits/stl_vector.h:106:4: optimized: basic block part vectorized using 16 byte vectors
/scratch/ruimins/riscv_gnu_toolchain/install/riscv64-unknown-linux-gnu/include/c++/15.1.0/bits/stl_vector.h:106:4: optimized: basic block part vectorized using 16 byte vectors
../lib/gates_qsim.h:440:3: optimized: basic block part vectorized using 16 byte vectors
/scratch/ruimins/riscv_gnu_toolchain/install/riscv64-unknown-linux-gnu/include/c++/15.1.0/bits/stl_vector.h:106:4: optimized: basic block part vectorized using 16 byte vectors
../lib/gates_qsim.h:440:3: optimized: basic block part vectorized using 16 byte vectors
/scratch/ruimins/riscv_gnu_toolchain/install/riscv64-unknown-linux-gnu/include/c++/15.1.0/bits/stl_vector.h:106:4: optimized: basic block part vectorized using 16 byte vectors
/scratch/ruimins/riscv_gnu_toolchain/install/riscv64-unknown-linux-gnu/include/c++/15.1.0/bits/stl_vector.h:106:4: optimized: basic block part vectorized using 16 byte vectors
../lib/gates_qsim.h:609:3: optimized: basic block part vectorized using 16 byte vectors
/scratch/ruimins/riscv_gnu_toolchain/install/riscv64-unknown-linux-gnu/include/c++/15.1.0/bits/stl_vector.h:106:4: optimized: basic block part vectorized using 16 byte vectors
../lib/gates_qsim.h:609:3: optimized: basic block part vectorized using 16 byte vectors
../lib/gates_qsim.h:609:3: optimized: basic block part vectorized using 16 byte vectors
../lib/gates_qsim.h:609:3: optimized: basic block part vectorized using 8 byte vectors
/scratch/ruimins/riscv_gnu_toolchain/install/riscv64-unknown-linux-gnu/include/c++/15.1.0/bits/stl_vector.h:106:4: optimized: basic block part vectorized using 16 byte vectors
/scratch/ruimins/riscv_gnu_toolchain/install/riscv64-unknown-linux-gnu/include/c++/15.1.0/bits/stl_vector.h:106:4: optimized: basic block part vectorized using 16 byte vectors
/scratch/ruimins/riscv_gnu_toolchain/install/riscv64-unknown-linux-gnu/include/c++/15.1.0/bits/stl_vector.h:106:4: optimized: basic block part vectorized using 16 byte vectors
/scratch/ruimins/riscv_gnu_toolchain/install/riscv64-unknown-linux-gnu/include/c++/15.1.0/bits/stl_vector.h:106:4: optimized: basic block part vectorized using 16 byte vectors
/scratch/ruimins/riscv_gnu_toolchain/install/riscv64-unknown-linux-gnu/include/c++/15.1.0/bits/stl_vector.h:106:4: optimized: basic block part vectorized using 16 byte vectors
/scratch/ruimins/riscv_gnu_toolchain/install/riscv64-unknown-linux-gnu/include/c++/15.1.0/bits/stl_vector.h:106:4: optimized: basic block part vectorized using 16 byte vectors
/scratch/ruimins/riscv_gnu_toolchain/install/riscv64-unknown-linux-gnu/include/c++/15.1.0/bits/stl_vector.h:106:4: optimized: basic block part vectorized using 16 byte vectors
/scratch/ruimins/riscv_gnu_toolchain/install/riscv64-unknown-linux-gnu/include/c++/15.1.0/bits/stl_vector.h:106:4: optimized: basic block part vectorized using 16 byte vectors
/scratch/ruimins/riscv_gnu_toolchain/install/riscv64-unknown-linux-gnu/include/c++/15.1.0/bits/stl_vector.h:106:4: optimized: basic block part vectorized using 16 byte vectors
/scratch/ruimins/riscv_gnu_toolchain/install/riscv64-unknown-linux-gnu/include/c++/15.1.0/bits/stl_vector.h:106:4: optimized: basic block part vectorized using 16 byte vectors
/scratch/ruimins/riscv_gnu_toolchain/install/riscv64-unknown-linux-gnu/include/c++/15.1.0/bits/stl_vector.h:106:4: optimized: basic block part vectorized using 16 byte vectors
/scratch/ruimins/riscv_gnu_toolchain/install/riscv64-unknown-linux-gnu/include/c++/15.1.0/bits/stl_vector.h:106:4: optimized: basic block part vectorized using 16 byte vectors
/scratch/ruimins/riscv_gnu_toolchain/install/riscv64-unknown-linux-gnu/include/c++/15.1.0/bits/stl_uninitialized.h:1310:22: optimized: loop vectorized using 8 byte vectors
../lib/hybrid.h:141:20: optimized: basic block part vectorized using 8 byte vectors
/scratch/ruimins/riscv_gnu_toolchain/install/riscv64-unknown-linux-gnu/include/c++/15.1.0/bits/stl_vector.h:106:4: optimized: basic block part vectorized using 16 byte vectors
/scratch/ruimins/riscv_gnu_toolchain/install/riscv64-unknown-linux-gnu/include/c++/15.1.0/bits/stl_vector.h:106:4: optimized: basic block part vectorized using 16 byte vectors
/scratch/ruimins/riscv_gnu_toolchain/install/riscv64-unknown-linux-gnu/include/c++/15.1.0/bits/stl_vector.h:106:4: optimized: basic block part vectorized using 16 byte vectors
/scratch/ruimins/riscv_gnu_toolchain/install/riscv64-unknown-linux-gnu/include/c++/15.1.0/bits/stl_vector.h:106:4: optimized: basic block part vectorized using 16 byte vectors
/scratch/ruimins/riscv_gnu_toolchain/install/riscv64-unknown-linux-gnu/include/c++/15.1.0/bits/stl_vector.h:106:4: optimized: basic block part vectorized using 16 byte vectors
/scratch/ruimins/riscv_gnu_toolchain/install/riscv64-unknown-linux-gnu/include/c++/15.1.0/bits/stl_vector.h:106:4: optimized: basic block part vectorized using 16 byte vectors
/scratch/ruimins/riscv_gnu_toolchain/install/riscv64-unknown-linux-gnu/include/c++/15.1.0/bits/stl_vector.h:106:4: optimized: basic block part vectorized using 16 byte vectors
/scratch/ruimins/riscv_gnu_toolchain/install/riscv64-unknown-linux-gnu/include/c++/15.1.0/bits/stl_vector.h:106:4: optimized: basic block part vectorized using 16 byte vectors
/scratch/ruimins/riscv_gnu_toolchain/install/riscv64-unknown-linux-gnu/include/c++/15.1.0/bits/stl_vector.h:106:4: optimized: basic block part vectorized using 16 byte vectors
/scratch/ruimins/riscv_gnu_toolchain/install/riscv64-unknown-linux-gnu/include/c++/15.1.0/bits/stl_vector.h:106:4: optimized: basic block part vectorized using 16 byte vectors
../lib/hybrid.h:277:3: optimized: basic block part vectorized using 16 byte vectors
../lib/hybrid.h:277:3: optimized: basic block part vectorized using 16 byte vectors
/scratch/ruimins/riscv_gnu_toolchain/install/riscv64-unknown-linux-gnu/include/c++/15.1.0/bits/stl_vector.h:114:17: optimized: basic block part vectorized using 16 byte vectors
/scratch/ruimins/riscv_gnu_toolchain/install/riscv64-unknown-linux-gnu/include/c++/15.1.0/bits/stl_vector.h:114:17: optimized: basic block part vectorized using 16 byte vectors
/scratch/ruimins/riscv_gnu_toolchain/install/riscv64-unknown-linux-gnu/include/c++/15.1.0/bits/stl_vector.h:121:13: optimized: basic block part vectorized using 16 byte vectors
../lib/hybrid.h:41:10: optimized: basic block part vectorized using 8 byte vectors
../lib/hybrid.h:41:10: optimized: basic block part vectorized using 8 byte vectors
/scratch/ruimins/riscv_gnu_toolchain/install/riscv64-unknown-linux-gnu/include/c++/15.1.0/bits/stl_vector.h:121:13: optimized: basic block part vectorized using 16 byte vectors
/scratch/ruimins/riscv_gnu_toolchain/install/riscv64-unknown-linux-gnu/include/c++/15.1.0/bits/stl_vector.h:121:13: optimized: basic block part vectorized using 16 byte vectors
/scratch/ruimins/riscv_gnu_toolchain/install/riscv64-unknown-linux-gnu/include/c++/15.1.0/bits/stl_vector.h:121:13: optimized: basic block part vectorized using 16 byte vectors
/scratch/ruimins/riscv_gnu_toolchain/install/riscv64-unknown-linux-gnu/include/c++/15.1.0/bits/stl_vector.h:121:13: optimized: basic block part vectorized using 16 byte vectors
/scratch/ruimins/riscv_gnu_toolchain/install/riscv64-unknown-linux-gnu/include/c++/15.1.0/bits/stl_vector.h:121:13: optimized: basic block part vectorized using 16 byte vectors
/scratch/ruimins/riscv_gnu_toolchain/install/riscv64-unknown-linux-gnu/include/c++/15.1.0/bits/stl_vector.h:121:13: optimized: basic block part vectorized using 16 byte vectors
/scratch/ruimins/riscv_gnu_toolchain/install/riscv64-unknown-linux-gnu/include/c++/15.1.0/bits/stl_vector.h:121:13: optimized: basic block part vectorized using 16 byte vectors
../lib/hybrid.h:41:10: optimized: basic block part vectorized using 2 byte vectors
../lib/hybrid.h:41:10: optimized: basic block part vectorized using 2 byte vectors
/scratch/ruimins/riscv_gnu_toolchain/install/riscv64-unknown-linux-gnu/include/c++/15.1.0/bits/stl_vector.h:114:17: optimized: basic block part vectorized using 16 byte vectors
/scratch/ruimins/riscv_gnu_toolchain/install/riscv64-unknown-linux-gnu/include/c++/15.1.0/bits/stl_vector.h:114:17: optimized: basic block part vectorized using 16 byte vectors
/scratch/ruimins/riscv_gnu_toolchain/install/riscv64-unknown-linux-gnu/include/c++/15.1.0/bits/stl_vector.h:121:13: optimized: basic block part vectorized using 16 byte vectors
../lib/hybrid.h:41:10: optimized: basic block part vectorized using 8 byte vectors
../lib/hybrid.h:41:10: optimized: basic block part vectorized using 8 byte vectors
/scratch/ruimins/riscv_gnu_toolchain/install/riscv64-unknown-linux-gnu/include/c++/15.1.0/bits/stl_vector.h:121:13: optimized: basic block part vectorized using 16 byte vectors
/scratch/ruimins/riscv_gnu_toolchain/install/riscv64-unknown-linux-gnu/include/c++/15.1.0/bits/stl_vector.h:121:13: optimized: basic block part vectorized using 16 byte vectors
/scratch/ruimins/riscv_gnu_toolchain/install/riscv64-unknown-linux-gnu/include/c++/15.1.0/bits/stl_vector.h:121:13: optimized: basic block part vectorized using 16 byte vectors
/scratch/ruimins/riscv_gnu_toolchain/install/riscv64-unknown-linux-gnu/include/c++/15.1.0/bits/stl_vector.h:121:13: optimized: basic block part vectorized using 16 byte vectors
/scratch/ruimins/riscv_gnu_toolchain/install/riscv64-unknown-linux-gnu/include/c++/15.1.0/bits/stl_vector.h:121:13: optimized: basic block part vectorized using 16 byte vectors
/scratch/ruimins/riscv_gnu_toolchain/install/riscv64-unknown-linux-gnu/include/c++/15.1.0/bits/stl_vector.h:121:13: optimized: basic block part vectorized using 16 byte vectors
/scratch/ruimins/riscv_gnu_toolchain/install/riscv64-unknown-linux-gnu/include/c++/15.1.0/bits/stl_vector.h:121:13: optimized: basic block part vectorized using 16 byte vectors
../lib/hybrid.h:41:10: optimized: basic block part vectorized using 2 byte vectors
../lib/hybrid.h:41:10: optimized: basic block part vectorized using 2 byte vectors
../lib/hybrid.h:260:7: optimized: basic block part vectorized using 16 byte vectors
../lib/hybrid.h:327:30: optimized: loop vectorized using variable length vectors
/scratch/ruimins/riscv_gnu_toolchain/install/riscv64-unknown-linux-gnu/include/c++/15.1.0/bits/stl_vector.h:106:4: optimized: basic block part vectorized using 16 byte vectors
/scratch/ruimins/riscv_gnu_toolchain/install/riscv64-unknown-linux-gnu/include/c++/15.1.0/bits/basic_ios.h:477:2: optimized: basic block part vectorized using 16 byte vectors
/scratch/ruimins/riscv_gnu_toolchain/install/riscv64-unknown-linux-gnu/include/c++/15.1.0/bits/basic_ios.h:477:2: optimized: basic block part vectorized using 16 byte vectors
../lib/bitstring.h:89:39: optimized: basic block part vectorized using 16 byte vectors
/scratch/ruimins/riscv_gnu_toolchain/install/riscv64-unknown-linux-gnu/include/c++/15.1.0/bits/stl_vector.h:106:4: optimized: basic block part vectorized using 16 byte vectors
../lib/run_qsimh.h:67:44: optimized: basic block part vectorized using 16 byte vectors
/scratch/ruimins/riscv_gnu_toolchain/install/riscv64-unknown-linux-gnu/include/c++/15.1.0/bits/stl_vector.h:106:4: optimized: basic block part vectorized using 16 byte vectors
/scratch/ruimins/riscv_gnu_toolchain/install/riscv64-unknown-linux-gnu/include/c++/15.1.0/bits/stl_vector.h:106:4: optimized: basic block part vectorized using 16 byte vectors
/scratch/ruimins/riscv_gnu_toolchain/install/riscv64-unknown-linux-gnu/include/c++/15.1.0/bits/stl_vector.h:106:4: optimized: basic block part vectorized using 16 byte vectors
../lib/parfor.h:55:33: optimized: loop vectorized using variable length vectors
../lib/parfor.h:55:33: optimized: loop vectorized using variable length vectors
../lib/parfor.h:55:33: optimized:  loop versioned for vectorization because of possible aliasing
/scratch/ruimins/riscv_gnu_toolchain/install_glibc2.35/riscv64-unknown-linux-gnu/include/c++/15.1.0/bits/stl_heap.h:146:7: optimized: basic block part vectorized using 8 byte vectors
../lib/simulator_basic.h:201:32: optimized: loop vectorized using 16 byte vectors
../lib/simulator_basic.h:201:32: optimized: loop vectorized using variable length vectors
../lib/simulator_basic.h:188:30: optimized: loop vectorized using variable length vectors
../lib/simulator_basic.h:201:32: optimized: loop vectorized using 16 byte vectors
../lib/simulator_basic.h:201:32: optimized: loop vectorized using variable length vectors
../lib/simulator_basic.h:188:30: optimized: loop vectorized using variable length vectors
../lib/simulator.h:58:30: optimized: loop vectorized using variable length vectors
/scratch/ruimins/riscv_gnu_toolchain/install_glibc2.35/riscv64-unknown-linux-gnu/include/c++/15.1.0/bits/stl_algo.h:1764:7: optimized: basic block part vectorized using 8 byte vectors
/scratch/ruimins/riscv_gnu_toolchain/install_glibc2.35/riscv64-unknown-linux-gnu/include/c++/15.1.0/bits/stl_algo.h:1783:8: optimized: basic block part vectorized using 8 byte vectors
../lib/parfor.h:60:30: optimized: loop vectorized using variable length vectors
../lib/parfor.h:60:30: optimized:  loop versioned for vectorization because of possible aliasing
/scratch/ruimins/riscv_gnu_toolchain/install_glibc2.35/riscv64-unknown-linux-gnu/include/c++/15.1.0/bits/move.h:237:7: optimized: basic block part vectorized using 8 byte vectors
/scratch/ruimins/riscv_gnu_toolchain/install_glibc2.35/riscv64-unknown-linux-gnu/include/c++/15.1.0/bits/move.h:237:7: optimized: basic block part vectorized using 8 byte vectors
/scratch/ruimins/riscv_gnu_toolchain/install_glibc2.35/riscv64-unknown-linux-gnu/include/c++/15.1.0/bits/move.h:237:7: optimized: basic block part vectorized using 8 byte vectors
/scratch/ruimins/riscv_gnu_toolchain/install_glibc2.35/riscv64-unknown-linux-gnu/include/c++/15.1.0/bits/move.h:237:7: optimized: basic block part vectorized using 8 byte vectors
/scratch/ruimins/riscv_gnu_toolchain/install_glibc2.35/riscv64-unknown-linux-gnu/include/c++/15.1.0/bits/move.h:237:7: optimized: basic block part vectorized using 8 byte vectors
/scratch/ruimins/riscv_gnu_toolchain/install_glibc2.35/riscv64-unknown-linux-gnu/include/c++/15.1.0/bits/move.h:237:7: optimized: basic block part vectorized using 8 byte vectors
/scratch/ruimins/riscv_gnu_toolchain/install_glibc2.35/riscv64-unknown-linux-gnu/include/c++/15.1.0/bits/stl_vector.h:121:13: optimized: basic block part vectorized using 16 byte vectors
../lib/hybrid.h:41:10: optimized: basic block part vectorized using 8 byte vectors
/scratch/ruimins/riscv_gnu_toolchain/install_glibc2.35/riscv64-unknown-linux-gnu/include/c++/15.1.0/bits/stl_vector.h:121:13: optimized: basic block part vectorized using 16 byte vectors
/scratch/ruimins/riscv_gnu_toolchain/install_glibc2.35/riscv64-unknown-linux-gnu/include/c++/15.1.0/bits/stl_vector.h:121:13: optimized: basic block part vectorized using 16 byte vectors
/scratch/ruimins/riscv_gnu_toolchain/install_glibc2.35/riscv64-unknown-linux-gnu/include/c++/15.1.0/bits/stl_vector.h:121:13: optimized: basic block part vectorized using 16 byte vectors
/scratch/ruimins/riscv_gnu_toolchain/install_glibc2.35/riscv64-unknown-linux-gnu/include/c++/15.1.0/bits/stl_vector.h:121:13: optimized: basic block part vectorized using 16 byte vectors
/scratch/ruimins/riscv_gnu_toolchain/install_glibc2.35/riscv64-unknown-linux-gnu/include/c++/15.1.0/bits/stl_vector.h:121:13: optimized: basic block part vectorized using 16 byte vectors
/scratch/ruimins/riscv_gnu_toolchain/install_glibc2.35/riscv64-unknown-linux-gnu/include/c++/15.1.0/bits/stl_vector.h:121:13: optimized: basic block part vectorized using 16 byte vectors
/scratch/ruimins/riscv_gnu_toolchain/install_glibc2.35/riscv64-unknown-linux-gnu/include/c++/15.1.0/bits/stl_vector.h:121:13: optimized: basic block part vectorized using 16 byte vectors
../lib/hybrid.h:41:10: optimized: basic block part vectorized using 2 byte vectors
../lib/simulator_basic.h:266:34: optimized: loop vectorized using 16 byte vectors
../lib/simulator_basic.h:266:34: optimized: loop vectorized using variable length vectors
../lib/simulator_basic.h:201:32: optimized: loop vectorized using 16 byte vectors
../lib/simulator_basic.h:201:32: optimized: loop vectorized using variable length vectors
../lib/simulator_basic.h:201:32: optimized: loop vectorized using 16 byte vectors
../lib/simulator_basic.h:201:32: optimized: loop vectorized using variable length vectors
../lib/simulator_basic.h:188:30: optimized: loop vectorized using variable length vectors
../lib/simulator_basic.h:201:32: optimized: loop vectorized using 16 byte vectors
../lib/simulator_basic.h:201:32: optimized: loop vectorized using variable length vectors
../lib/simulator_basic.h:188:30: optimized: loop vectorized using variable length vectors
../lib/simulator.h:58:30: optimized: loop vectorized using variable length vectors
../lib/simulator_basic.h:266:34: optimized: loop vectorized using 16 byte vectors
../lib/simulator_basic.h:266:34: optimized: loop vectorized using variable length vectors
../lib/simulator.h:58:30: optimized: loop vectorized using variable length vectors
../lib/gate.h:125:8: optimized: basic block part vectorized using 2 byte vectors
../lib/gate.h:125:8: optimized: basic block part vectorized using 8 byte vectors
/scratch/ruimins/riscv_gnu_toolchain/install_glibc2.35/riscv64-unknown-linux-gnu/include/c++/15.1.0/bits/stl_vector.h:112:4: optimized: basic block part vectorized using 16 byte vectors
/scratch/ruimins/riscv_gnu_toolchain/install_glibc2.35/riscv64-unknown-linux-gnu/include/c++/15.1.0/bits/stl_vector.h:112:4: optimized: basic block part vectorized using 16 byte vectors
/scratch/ruimins/riscv_gnu_toolchain/install_glibc2.35/riscv64-unknown-linux-gnu/include/c++/15.1.0/bits/stl_vector.h:114:17: optimized: basic block part vectorized using 16 byte vectors
/scratch/ruimins/riscv_gnu_toolchain/install_glibc2.35/riscv64-unknown-linux-gnu/include/c++/15.1.0/bits/stl_vector.h:114:17: optimized: basic block part vectorized using 16 byte vectors
../lib/gate.h:125:8: optimized: basic block part vectorized using 2 byte vectors
../lib/gate.h:125:8: optimized: basic block part vectorized using 8 byte vectors
../lib/gate.h:125:8: optimized: basic block part vectorized using 2 byte vectors
../lib/gate.h:125:8: optimized: basic block part vectorized using 8 byte vectors
../lib/hybrid.h:41:10: optimized: basic block part vectorized using 2 byte vectors
../lib/hybrid.h:41:10: optimized: basic block part vectorized using 8 byte vectors
/scratch/ruimins/riscv_gnu_toolchain/install_glibc2.35/riscv64-unknown-linux-gnu/include/c++/15.1.0/bits/stl_vector.h:112:4: optimized: basic block part vectorized using 16 byte vectors
/scratch/ruimins/riscv_gnu_toolchain/install_glibc2.35/riscv64-unknown-linux-gnu/include/c++/15.1.0/bits/stl_vector.h:112:4: optimized: basic block part vectorized using 16 byte vectors
/scratch/ruimins/riscv_gnu_toolchain/install_glibc2.35/riscv64-unknown-linux-gnu/include/c++/15.1.0/bits/stl_vector.h:114:17: optimized: basic block part vectorized using 16 byte vectors
/scratch/ruimins/riscv_gnu_toolchain/install_glibc2.35/riscv64-unknown-linux-gnu/include/c++/15.1.0/bits/stl_vector.h:114:17: optimized: basic block part vectorized using 16 byte vectors
../lib/hybrid.h:41:10: optimized: basic block part vectorized using 2 byte vectors
../lib/hybrid.h:41:10: optimized: basic block part vectorized using 8 byte vectors
../lib/hybrid.h:41:10: optimized: basic block part vectorized using 2 byte vectors
../lib/hybrid.h:41:10: optimized: basic block part vectorized using 8 byte vectors
/scratch/ruimins/riscv_gnu_toolchain/install_glibc2.35/riscv64-unknown-linux-gnu/include/c++/15.1.0/bits/stl_uninitialized.h:1310:22: optimized: loop vectorized using 8 byte vectors
../lib/fuser.h:31:8: optimized: basic block part vectorized using 8 byte vectors
/scratch/ruimins/riscv_gnu_toolchain/install_glibc2.35/riscv64-unknown-linux-gnu/include/c++/15.1.0/bits/stl_vector.h:112:4: optimized: basic block part vectorized using 16 byte vectors
/scratch/ruimins/riscv_gnu_toolchain/install_glibc2.35/riscv64-unknown-linux-gnu/include/c++/15.1.0/bits/stl_vector.h:114:17: optimized: basic block part vectorized using 16 byte vectors
/scratch/ruimins/riscv_gnu_toolchain/install_glibc2.35/riscv64-unknown-linux-gnu/include/c++/15.1.0/bits/stl_vector.h:114:17: optimized: basic block part vectorized using 16 byte vectors
../lib/fuser.h:31:8: optimized: basic block part vectorized using 8 byte vectors
/scratch/ruimins/riscv_gnu_toolchain/install_glibc2.35/riscv64-unknown-linux-gnu/include/c++/15.1.0/bits/stl_vector.h:114:17: optimized: basic block part vectorized using 16 byte vectors
/scratch/ruimins/riscv_gnu_toolchain/install_glibc2.35/riscv64-unknown-linux-gnu/include/c++/15.1.0/bits/stl_vector.h:114:17: optimized: basic block part vectorized using 16 byte vectors
/scratch/ruimins/riscv_gnu_toolchain/install_glibc2.35/riscv64-unknown-linux-gnu/include/c++/15.1.0/bits/stl_vector.h:114:17: optimized: basic block part vectorized using 16 byte vectors
/scratch/ruimins/riscv_gnu_toolchain/install_glibc2.35/riscv64-unknown-linux-gnu/include/c++/15.1.0/bits/stl_vector.h:121:13: optimized: basic block part vectorized using 16 byte vectors
/scratch/ruimins/riscv_gnu_toolchain/install_glibc2.35/riscv64-unknown-linux-gnu/include/c++/15.1.0/bits/stl_vector.h:121:13: optimized: basic block part vectorized using 16 byte vectors
/scratch/ruimins/riscv_gnu_toolchain/install_glibc2.35/riscv64-unknown-linux-gnu/include/c++/15.1.0/bits/stl_vector.h:121:13: optimized: basic block part vectorized using 16 byte vectors
/scratch/ruimins/riscv_gnu_toolchain/install_glibc2.35/riscv64-unknown-linux-gnu/include/c++/15.1.0/bits/stl_vector.h:121:13: optimized: basic block part vectorized using 16 byte vectors
/scratch/ruimins/riscv_gnu_toolchain/install_glibc2.35/riscv64-unknown-linux-gnu/include/c++/15.1.0/bits/stl_vector.h:121:13: optimized: basic block part vectorized using 16 byte vectors
/scratch/ruimins/riscv_gnu_toolchain/install_glibc2.35/riscv64-unknown-linux-gnu/include/c++/15.1.0/bits/stl_vector.h:121:13: optimized: basic block part vectorized using 16 byte vectors
/scratch/ruimins/riscv_gnu_toolchain/install_glibc2.35/riscv64-unknown-linux-gnu/include/c++/15.1.0/bits/stl_vector.h:121:13: optimized: basic block part vectorized using 16 byte vectors
/scratch/ruimins/riscv_gnu_toolchain/install_glibc2.35/riscv64-unknown-linux-gnu/include/c++/15.1.0/bits/stl_vector.h:121:13: optimized: basic block part vectorized using 16 byte vectors
../lib/hybrid.h:41:10: optimized: basic block part vectorized using 2 byte vectors
/scratch/ruimins/riscv_gnu_toolchain/install_glibc2.35/riscv64-unknown-linux-gnu/include/c++/15.1.0/bits/stl_vector.h:121:13: optimized: basic block part vectorized using 16 byte vectors
/scratch/ruimins/riscv_gnu_toolchain/install_glibc2.35/riscv64-unknown-linux-gnu/include/c++/15.1.0/bits/stl_vector.h:121:13: optimized: basic block part vectorized using 16 byte vectors
/scratch/ruimins/riscv_gnu_toolchain/install_glibc2.35/riscv64-unknown-linux-gnu/include/c++/15.1.0/bits/stl_vector.h:121:13: optimized: basic block part vectorized using 16 byte vectors
/scratch/ruimins/riscv_gnu_toolchain/install_glibc2.35/riscv64-unknown-linux-gnu/include/c++/15.1.0/bits/stl_vector.h:121:13: optimized: basic block part vectorized using 16 byte vectors
../lib/hybrid.h:41:10: optimized: basic block part vectorized using 2 byte vectors
/scratch/ruimins/riscv_gnu_toolchain/install_glibc2.35/riscv64-unknown-linux-gnu/include/c++/15.1.0/bits/stl_vector.h:114:17: optimized: basic block part vectorized using 16 byte vectors
/scratch/ruimins/riscv_gnu_toolchain/install_glibc2.35/riscv64-unknown-linux-gnu/include/c++/15.1.0/bits/stl_vector.h:114:17: optimized: basic block part vectorized using 16 byte vectors
/scratch/ruimins/riscv_gnu_toolchain/install_glibc2.35/riscv64-unknown-linux-gnu/include/c++/15.1.0/bits/stl_vector.h:121:13: optimized: basic block part vectorized using 16 byte vectors
../lib/hybrid.h:41:10: optimized: basic block part vectorized using 8 byte vectors
/scratch/ruimins/riscv_gnu_toolchain/install_glibc2.35/riscv64-unknown-linux-gnu/include/c++/15.1.0/bits/stl_vector.h:121:13: optimized: basic block part vectorized using 16 byte vectors
/scratch/ruimins/riscv_gnu_toolchain/install_glibc2.35/riscv64-unknown-linux-gnu/include/c++/15.1.0/bits/stl_vector.h:121:13: optimized: basic block part vectorized using 16 byte vectors
/scratch/ruimins/riscv_gnu_toolchain/install_glibc2.35/riscv64-unknown-linux-gnu/include/c++/15.1.0/bits/stl_vector.h:121:13: optimized: basic block part vectorized using 16 byte vectors
/scratch/ruimins/riscv_gnu_toolchain/install_glibc2.35/riscv64-unknown-linux-gnu/include/c++/15.1.0/bits/stl_vector.h:121:13: optimized: basic block part vectorized using 16 byte vectors
/scratch/ruimins/riscv_gnu_toolchain/install_glibc2.35/riscv64-unknown-linux-gnu/include/c++/15.1.0/bits/stl_vector.h:121:13: optimized: basic block part vectorized using 16 byte vectors
/scratch/ruimins/riscv_gnu_toolchain/install_glibc2.35/riscv64-unknown-linux-gnu/include/c++/15.1.0/bits/stl_vector.h:121:13: optimized: basic block part vectorized using 16 byte vectors
/scratch/ruimins/riscv_gnu_toolchain/install_glibc2.35/riscv64-unknown-linux-gnu/include/c++/15.1.0/bits/stl_vector.h:121:13: optimized: basic block part vectorized using 16 byte vectors
../lib/hybrid.h:41:10: optimized: basic block part vectorized using 2 byte vectors
/scratch/ruimins/riscv_gnu_toolchain/install_glibc2.35/riscv64-unknown-linux-gnu/include/c++/15.1.0/bits/stl_vector.h:121:13: optimized: basic block part vectorized using 16 byte vectors
/scratch/ruimins/riscv_gnu_toolchain/install_glibc2.35/riscv64-unknown-linux-gnu/include/c++/15.1.0/bits/stl_vector.h:121:13: optimized: basic block part vectorized using 16 byte vectors
/scratch/ruimins/riscv_gnu_toolchain/install_glibc2.35/riscv64-unknown-linux-gnu/include/c++/15.1.0/bits/stl_vector.h:121:13: optimized: basic block part vectorized using 16 byte vectors
/scratch/ruimins/riscv_gnu_toolchain/install_glibc2.35/riscv64-unknown-linux-gnu/include/c++/15.1.0/bits/stl_vector.h:121:13: optimized: basic block part vectorized using 16 byte vectors
../lib/hybrid.h:41:10: optimized: basic block part vectorized using 2 byte vectors
../lib/parfor.h:60:30: optimized: loop vectorized using variable length vectors
../lib/parfor.h:60:30: optimized:  loop versioned for vectorization because of possible aliasing
../lib/simulator.h:58:30: optimized: loop vectorized using variable length vectors
../lib/simulator.h:58:30: optimized: loop vectorized using variable length vectors
../lib/simulator_basic.h:201:32: optimized: loop vectorized using 16 byte vectors
../lib/simulator_basic.h:201:32: optimized: loop vectorized using variable length vectors
../lib/simulator.h:58:30: optimized: loop vectorized using variable length vectors
../lib/simulator.h:58:30: optimized: loop vectorized using variable length vectors
../lib/simulator.h:58:30: optimized: loop vectorized using variable length vectors
/scratch/ruimins/riscv_gnu_toolchain/install_glibc2.35/riscv64-unknown-linux-gnu/include/c++/15.1.0/bits/stl_vector.h:121:13: optimized: basic block part vectorized using 16 byte vectors
/scratch/ruimins/riscv_gnu_toolchain/install_glibc2.35/riscv64-unknown-linux-gnu/include/c++/15.1.0/bits/stl_vector.h:121:13: optimized: basic block part vectorized using 16 byte vectors
/scratch/ruimins/riscv_gnu_toolchain/install_glibc2.35/riscv64-unknown-linux-gnu/include/c++/15.1.0/bits/stl_vector.h:121:13: optimized: basic block part vectorized using 16 byte vectors
/scratch/ruimins/riscv_gnu_toolchain/install_glibc2.35/riscv64-unknown-linux-gnu/include/c++/15.1.0/bits/stl_vector.h:121:13: optimized: basic block part vectorized using 16 byte vectors
/scratch/ruimins/riscv_gnu_toolchain/install_glibc2.35/riscv64-unknown-linux-gnu/include/c++/15.1.0/bits/stl_vector.h:121:13: optimized: basic block part vectorized using 16 byte vectors
/scratch/ruimins/riscv_gnu_toolchain/install_glibc2.35/riscv64-unknown-linux-gnu/include/c++/15.1.0/bits/stl_vector.h:121:13: optimized: basic block part vectorized using 16 byte vectors
/scratch/ruimins/riscv_gnu_toolchain/install_glibc2.35/riscv64-unknown-linux-gnu/include/c++/15.1.0/bits/stl_vector.h:121:13: optimized: basic block part vectorized using 16 byte vectors
/scratch/ruimins/riscv_gnu_toolchain/install_glibc2.35/riscv64-unknown-linux-gnu/include/c++/15.1.0/bits/stl_vector.h:121:13: optimized: basic block part vectorized using 16 byte vectors
../lib/hybrid.h:41:10: optimized: basic block part vectorized using 2 byte vectors
/scratch/ruimins/riscv_gnu_toolchain/install_glibc2.35/riscv64-unknown-linux-gnu/include/c++/15.1.0/bits/stl_vector.h:114:17: optimized: basic block part vectorized using 16 byte vectors
/scratch/ruimins/riscv_gnu_toolchain/install_glibc2.35/riscv64-unknown-linux-gnu/include/c++/15.1.0/bits/stl_vector.h:114:17: optimized: basic block part vectorized using 16 byte vectors
/scratch/ruimins/riscv_gnu_toolchain/install_glibc2.35/riscv64-unknown-linux-gnu/include/c++/15.1.0/bits/stl_vector.h:121:13: optimized: basic block part vectorized using 16 byte vectors
/scratch/ruimins/riscv_gnu_toolchain/install_glibc2.35/riscv64-unknown-linux-gnu/include/c++/15.1.0/bits/stl_vector.h:121:13: optimized: basic block part vectorized using 16 byte vectors
/scratch/ruimins/riscv_gnu_toolchain/install_glibc2.35/riscv64-unknown-linux-gnu/include/c++/15.1.0/bits/stl_vector.h:121:13: optimized: basic block part vectorized using 16 byte vectors
/scratch/ruimins/riscv_gnu_toolchain/install_glibc2.35/riscv64-unknown-linux-gnu/include/c++/15.1.0/bits/stl_vector.h:121:13: optimized: basic block part vectorized using 16 byte vectors
/scratch/ruimins/riscv_gnu_toolchain/install_glibc2.35/riscv64-unknown-linux-gnu/include/c++/15.1.0/bits/stl_vector.h:121:13: optimized: basic block part vectorized using 16 byte vectors
/scratch/ruimins/riscv_gnu_toolchain/install_glibc2.35/riscv64-unknown-linux-gnu/include/c++/15.1.0/bits/stl_vector.h:121:13: optimized: basic block part vectorized using 16 byte vectors
/scratch/ruimins/riscv_gnu_toolchain/install_glibc2.35/riscv64-unknown-linux-gnu/include/c++/15.1.0/bits/stl_vector.h:121:13: optimized: basic block part vectorized using 16 byte vectors
/scratch/ruimins/riscv_gnu_toolchain/install_glibc2.35/riscv64-unknown-linux-gnu/include/c++/15.1.0/bits/stl_vector.h:121:13: optimized: basic block part vectorized using 16 byte vectors
../lib/hybrid.h:41:10: optimized: basic block part vectorized using 2 byte vectors
../lib/hybrid.h:41:10: optimized: basic block part vectorized using 8 byte vectors
/scratch/ruimins/riscv_gnu_toolchain/install_glibc2.35/riscv64-unknown-linux-gnu/include/c++/15.1.0/bits/stl_vector.h:121:13: optimized: basic block part vectorized using 16 byte vectors
/scratch/ruimins/riscv_gnu_toolchain/install_glibc2.35/riscv64-unknown-linux-gnu/include/c++/15.1.0/bits/stl_vector.h:121:13: optimized: basic block part vectorized using 16 byte vectors
/scratch/ruimins/riscv_gnu_toolchain/install_glibc2.35/riscv64-unknown-linux-gnu/include/c++/15.1.0/bits/stl_vector.h:121:13: optimized: basic block part vectorized using 16 byte vectors
/scratch/ruimins/riscv_gnu_toolchain/install_glibc2.35/riscv64-unknown-linux-gnu/include/c++/15.1.0/bits/stl_vector.h:121:13: optimized: basic block part vectorized using 16 byte vectors
../lib/hybrid.h:41:10: optimized: basic block part vectorized using 2 byte vectors
../lib/hybrid.h:41:10: optimized: basic block part vectorized using 2 byte vectors
../lib/hybrid.h:41:10: optimized: basic block part vectorized using 8 byte vectors
/scratch/ruimins/riscv_gnu_toolchain/install_glibc2.35/riscv64-unknown-linux-gnu/include/c++/15.1.0/bits/stl_uninitialized.h:1310:22: optimized: loop vectorized using 8 byte vectors
../lib/parfor.h:60:30: optimized: loop vectorized using variable length vectors
/scratch/ruimins/riscv_gnu_toolchain/install_glibc2.35/riscv64-unknown-linux-gnu/include/c++/15.1.0/bits/basic_ios.h:477:2: optimized: basic block part vectorized using 16 byte vectors
qsimh_amplitudes.cc:41:8: optimized: basic block part vectorized using 16 byte vectors
/scratch/ruimins/riscv_gnu_toolchain/install_glibc2.35/riscv64-unknown-linux-gnu/include/c++/15.1.0/bits/stl_vector.h:106:4: optimized: basic block part vectorized using 16 byte vectors
/scratch/ruimins/riscv_gnu_toolchain/install_glibc2.35/riscv64-unknown-linux-gnu/include/c++/15.1.0/bits/stl_vector.h:106:4: optimized: basic block part vectorized using 16 byte vectors
/scratch/ruimins/riscv_gnu_toolchain/install_glibc2.35/riscv64-unknown-linux-gnu/include/c++/15.1.0/bits/stl_vector.h:106:4: optimized: basic block part vectorized using 16 byte vectors
../lib/gate.h:125:8: optimized: basic block part vectorized using 2 byte vectors
../lib/gate.h:125:8: optimized: basic block part vectorized using 8 byte vectors
/scratch/ruimins/riscv_gnu_toolchain/install_glibc2.35/riscv64-unknown-linux-gnu/include/c++/15.1.0/bits/stl_vector.h:106:4: optimized: basic block part vectorized using 16 byte vectors
/scratch/ruimins/riscv_gnu_toolchain/install_glibc2.35/riscv64-unknown-linux-gnu/include/c++/15.1.0/bits/stl_vector.h:106:4: optimized: basic block part vectorized using 16 byte vectors
/scratch/ruimins/riscv_gnu_toolchain/install_glibc2.35/riscv64-unknown-linux-gnu/include/c++/15.1.0/bits/stl_algobase.h:924:22: optimized: loop vectorized using variable length vectors
/scratch/ruimins/riscv_gnu_toolchain/install_glibc2.35/riscv64-unknown-linux-gnu/include/c++/15.1.0/bits/stl_uninitialized.h:144:22: optimized: loop vectorized using variable length vectors
/scratch/ruimins/riscv_gnu_toolchain/install_glibc2.35/riscv64-unknown-linux-gnu/include/c++/15.1.0/bits/stl_uninitialized.h:144:22: optimized:  loop versioned for vectorization because of possible aliasing
/scratch/ruimins/riscv_gnu_toolchain/install_glibc2.35/riscv64-unknown-linux-gnu/include/c++/15.1.0/bits/stl_algobase.h:924:22: optimized: loop vectorized using variable length vectors
/scratch/ruimins/riscv_gnu_toolchain/install_glibc2.35/riscv64-unknown-linux-gnu/include/c++/15.1.0/bits/stl_uninitialized.h:144:22: optimized: loop vectorized using variable length vectors
/scratch/ruimins/riscv_gnu_toolchain/install_glibc2.35/riscv64-unknown-linux-gnu/include/c++/15.1.0/bits/stl_uninitialized.h:144:22: optimized:  loop versioned for vectorization because of possible aliasing
/scratch/ruimins/riscv_gnu_toolchain/install_glibc2.35/riscv64-unknown-linux-gnu/include/c++/15.1.0/bits/stl_uninitialized.h:469:7: optimized: loop vectorized using variable length vectors
/scratch/ruimins/riscv_gnu_toolchain/install_glibc2.35/riscv64-unknown-linux-gnu/include/c++/15.1.0/bits/stl_uninitialized.h:144:22: optimized: loop vectorized using variable length vectors
/scratch/ruimins/riscv_gnu_toolchain/install_glibc2.35/riscv64-unknown-linux-gnu/include/c++/15.1.0/bits/stl_uninitialized.h:144:22: optimized:  loop versioned for vectorization because of possible aliasing
/scratch/ruimins/riscv_gnu_toolchain/install_glibc2.35/riscv64-unknown-linux-gnu/include/c++/15.1.0/bits/stl_uninitialized.h:469:7: optimized: loop vectorized using variable length vectors
../lib/gates_qsim.h:281:49: optimized: basic block part vectorized using 8 byte vectors
../lib/gate.h:31:29: optimized: loop vectorized using 16 byte vectors
../lib/gate.h:31:29: optimized:  loop versioned for vectorization to enhance alignment
../lib/gate.h:31:29: optimized: loop vectorized using 16 byte vectors
../lib/gate.h:31:29: optimized:  loop versioned for vectorization to enhance alignment
../lib/gate.h:31:29: optimized: loop vectorized using 16 byte vectors
../lib/gate.h:31:29: optimized:  loop versioned for vectorization to enhance alignment
../lib/gate.h:31:29: optimized: loop vectorized using 16 byte vectors
../lib/gate.h:31:29: optimized:  loop versioned for vectorization to enhance alignment
../lib/gate.h:31:29: optimized: loop vectorized using 16 byte vectors
../lib/gate.h:31:29: optimized:  loop versioned for vectorization to enhance alignment
../lib/circuit_qsim_parser.h:360:21: optimized: basic block part vectorized using 16 byte vectors
/scratch/ruimins/riscv_gnu_toolchain/install_glibc2.35/riscv64-unknown-linux-gnu/include/c++/15.1.0/bits/stl_vector.h:112:4: optimized: basic block part vectorized using 16 byte vectors
/scratch/ruimins/riscv_gnu_toolchain/install_glibc2.35/riscv64-unknown-linux-gnu/include/c++/15.1.0/bits/stl_vector.h:112:4: optimized: basic block part vectorized using 16 byte vectors
/scratch/ruimins/riscv_gnu_toolchain/install_glibc2.35/riscv64-unknown-linux-gnu/include/c++/15.1.0/bits/stl_vector.h:112:4: optimized: basic block part vectorized using 16 byte vectors
/scratch/ruimins/riscv_gnu_toolchain/install_glibc2.35/riscv64-unknown-linux-gnu/include/c++/15.1.0/bits/stl_vector.h:112:4: optimized: basic block part vectorized using 16 byte vectors
/scratch/ruimins/riscv_gnu_toolchain/install_glibc2.35/riscv64-unknown-linux-gnu/include/c++/15.1.0/bits/stl_vector.h:112:4: optimized: basic block part vectorized using 16 byte vectors
/scratch/ruimins/riscv_gnu_toolchain/install_glibc2.35/riscv64-unknown-linux-gnu/include/c++/15.1.0/bits/stl_vector.h:112:4: optimized: basic block part vectorized using 16 byte vectors
../lib/circuit_qsim_parser.h:240:31: optimized: loop vectorized using 16 byte vectors
../lib/circuit_qsim_parser.h:240:31: optimized:  loop versioned for vectorization to enhance alignment
../lib/gate.h:125:8: optimized: basic block part vectorized using 2 byte vectors
../lib/gate.h:125:8: optimized: basic block part vectorized using 8 byte vectors
/scratch/ruimins/riscv_gnu_toolchain/install_glibc2.35/riscv64-unknown-linux-gnu/include/c++/15.1.0/bits/basic_ios.h:477:2: optimized: basic block part vectorized using 16 byte vectors
/scratch/ruimins/riscv_gnu_toolchain/install_glibc2.35/riscv64-unknown-linux-gnu/include/c++/15.1.0/bits/stl_vector.h:106:4: optimized: basic block part vectorized using 16 byte vectors
/scratch/ruimins/riscv_gnu_toolchain/install_glibc2.35/riscv64-unknown-linux-gnu/include/c++/15.1.0/bits/stl_vector.h:106:4: optimized: basic block part vectorized using 16 byte vectors
/scratch/ruimins/riscv_gnu_toolchain/install_glibc2.35/riscv64-unknown-linux-gnu/include/c++/15.1.0/bits/stl_vector.h:106:4: optimized: basic block part vectorized using 16 byte vectors
../lib/matrix.h:195:26: optimized: loop vectorized using variable length vectors
../lib/matrix.h:79:30: optimized: loop vectorized using variable length vectors
../lib/matrix.h:79:30: optimized: loop vectorized using variable length vectors
../lib/fuser.h:187:35: optimized: loop vectorized using 16 byte vectors
../lib/matrix.h:57:26: optimized: loop vectorized using variable length vectors
/scratch/ruimins/riscv_gnu_toolchain/install_glibc2.35/riscv64-unknown-linux-gnu/include/c++/15.1.0/bits/stl_uninitialized.h:1310:22: optimized: loop vectorized using 8 byte vectors
/scratch/ruimins/riscv_gnu_toolchain/install_glibc2.35/riscv64-unknown-linux-gnu/include/c++/15.1.0/bits/stl_vector.h:106:4: optimized: basic block part vectorized using 16 byte vectors
/scratch/ruimins/riscv_gnu_toolchain/install_glibc2.35/riscv64-unknown-linux-gnu/include/c++/15.1.0/bits/stl_vector.h:106:4: optimized: basic block part vectorized using 16 byte vectors
/scratch/ruimins/riscv_gnu_toolchain/install_glibc2.35/riscv64-unknown-linux-gnu/include/c++/15.1.0/bits/stl_vector.h:106:4: optimized: basic block part vectorized using 16 byte vectors
/scratch/ruimins/riscv_gnu_toolchain/install_glibc2.35/riscv64-unknown-linux-gnu/include/c++/15.1.0/bits/stl_vector.h:106:4: optimized: basic block part vectorized using 16 byte vectors
/scratch/ruimins/riscv_gnu_toolchain/install_glibc2.35/riscv64-unknown-linux-gnu/include/c++/15.1.0/bits/stl_uninitialized.h:144:22: optimized: loop vectorized using variable length vectors
/scratch/ruimins/riscv_gnu_toolchain/install_glibc2.35/riscv64-unknown-linux-gnu/include/c++/15.1.0/bits/stl_uninitialized.h:144:22: optimized:  loop versioned for vectorization because of possible aliasing
/scratch/ruimins/riscv_gnu_toolchain/install_glibc2.35/riscv64-unknown-linux-gnu/include/c++/15.1.0/bits/stl_uninitialized.h:875:15: optimized: loop vectorized using 16 byte vectors
/scratch/ruimins/riscv_gnu_toolchain/install_glibc2.35/riscv64-unknown-linux-gnu/include/c++/15.1.0/bits/stl_vector.h:106:4: optimized: basic block part vectorized using 16 byte vectors
/scratch/ruimins/riscv_gnu_toolchain/install_glibc2.35/riscv64-unknown-linux-gnu/include/c++/15.1.0/bits/stl_vector.h:106:4: optimized: basic block part vectorized using 16 byte vectors
/scratch/ruimins/riscv_gnu_toolchain/install_glibc2.35/riscv64-unknown-linux-gnu/include/c++/15.1.0/bits/stl_vector.h:106:4: optimized: basic block part vectorized using 16 byte vectors
../lib/fuser_basic.h:368:15: optimized: basic block part vectorized using 8 byte vectors
../lib/fuser_basic.h:368:15: optimized: basic block part vectorized using 8 byte vectors
../lib/fuser_basic.h:338:3: optimized: basic block part vectorized using 8 byte vectors
/scratch/ruimins/riscv_gnu_toolchain/install_glibc2.35/riscv64-unknown-linux-gnu/include/c++/15.1.0/bits/stl_vector.h:106:4: optimized: basic block part vectorized using 16 byte vectors
../lib/fuser_basic.h:368:15: optimized: basic block part vectorized using 8 byte vectors
../lib/fuser_basic.h:305:19: optimized: basic block part vectorized using 8 byte vectors
/scratch/ruimins/riscv_gnu_toolchain/install_glibc2.35/riscv64-unknown-linux-gnu/include/c++/15.1.0/bits/stl_vector.h:106:4: optimized: basic block part vectorized using 16 byte vectors
../lib/fuser_basic.h:306:29: optimized: basic block part vectorized using 16 byte vectors
../lib/fuser_basic.h:306:29: optimized: basic block part vectorized using 16 byte vectors
../lib/fuser.h:155:3: optimized: basic block part vectorized using 8 byte vectors
/scratch/ruimins/riscv_gnu_toolchain/install_glibc2.35/riscv64-unknown-linux-gnu/include/c++/15.1.0/bits/stl_vector.h:106:4: optimized: basic block part vectorized using 16 byte vectors
/scratch/ruimins/riscv_gnu_toolchain/install_glibc2.35/riscv64-unknown-linux-gnu/include/c++/15.1.0/bits/stl_vector.h:114:17: optimized: basic block part vectorized using 16 byte vectors
/scratch/ruimins/riscv_gnu_toolchain/install_glibc2.35/riscv64-unknown-linux-gnu/include/c++/15.1.0/bits/stl_vector.h:114:17: optimized: basic block part vectorized using 16 byte vectors
../lib/hybrid.h:41:10: optimized: basic block part vectorized using 2 byte vectors
../lib/hybrid.h:41:10: optimized: basic block part vectorized using 8 byte vectors
/scratch/ruimins/riscv_gnu_toolchain/install_glibc2.35/riscv64-unknown-linux-gnu/include/c++/15.1.0/bits/stl_vector.h:112:4: optimized: basic block part vectorized using 16 byte vectors
/scratch/ruimins/riscv_gnu_toolchain/install_glibc2.35/riscv64-unknown-linux-gnu/include/c++/15.1.0/bits/stl_vector.h:112:4: optimized: basic block part vectorized using 16 byte vectors
../lib/hybrid.h:41:10: optimized: basic block part vectorized using 2 byte vectors
../lib/hybrid.h:41:10: optimized: basic block part vectorized using 8 byte vectors
/scratch/ruimins/riscv_gnu_toolchain/install_glibc2.35/riscv64-unknown-linux-gnu/include/c++/15.1.0/bits/stl_vector.h:112:4: optimized: basic block part vectorized using 16 byte vectors
/scratch/ruimins/riscv_gnu_toolchain/install_glibc2.35/riscv64-unknown-linux-gnu/include/c++/15.1.0/bits/stl_vector.h:112:4: optimized: basic block part vectorized using 16 byte vectors
../lib/hybrid.h:41:10: optimized: basic block part vectorized using 2 byte vectors
../lib/hybrid.h:41:10: optimized: basic block part vectorized using 8 byte vectors
/scratch/ruimins/riscv_gnu_toolchain/install_glibc2.35/riscv64-unknown-linux-gnu/include/c++/15.1.0/bits/stl_vector.h:114:17: optimized: basic block part vectorized using 16 byte vectors
/scratch/ruimins/riscv_gnu_toolchain/install_glibc2.35/riscv64-unknown-linux-gnu/include/c++/15.1.0/bits/stl_vector.h:114:17: optimized: basic block part vectorized using 16 byte vectors
../lib/hybrid.h:41:10: optimized: basic block part vectorized using 2 byte vectors
../lib/hybrid.h:41:10: optimized: basic block part vectorized using 8 byte vectors
/scratch/ruimins/riscv_gnu_toolchain/install_glibc2.35/riscv64-unknown-linux-gnu/include/c++/15.1.0/bits/stl_vector.h:114:17: optimized: basic block part vectorized using 16 byte vectors
/scratch/ruimins/riscv_gnu_toolchain/install_glibc2.35/riscv64-unknown-linux-gnu/include/c++/15.1.0/bits/stl_vector.h:114:17: optimized: basic block part vectorized using 16 byte vectors
../lib/hybrid.h:41:10: optimized: basic block part vectorized using 8 byte vectors
/scratch/ruimins/riscv_gnu_toolchain/install_glibc2.35/riscv64-unknown-linux-gnu/include/c++/15.1.0/bits/stl_vector.h:121:13: optimized: basic block part vectorized using 16 byte vectors
/scratch/ruimins/riscv_gnu_toolchain/install_glibc2.35/riscv64-unknown-linux-gnu/include/c++/15.1.0/bits/stl_vector.h:121:13: optimized: basic block part vectorized using 16 byte vectors
/scratch/ruimins/riscv_gnu_toolchain/install_glibc2.35/riscv64-unknown-linux-gnu/include/c++/15.1.0/bits/stl_vector.h:121:13: optimized: basic block part vectorized using 16 byte vectors
/scratch/ruimins/riscv_gnu_toolchain/install_glibc2.35/riscv64-unknown-linux-gnu/include/c++/15.1.0/bits/stl_vector.h:121:13: optimized: basic block part vectorized using 16 byte vectors
/scratch/ruimins/riscv_gnu_toolchain/install_glibc2.35/riscv64-unknown-linux-gnu/include/c++/15.1.0/bits/stl_vector.h:121:13: optimized: basic block part vectorized using 16 byte vectors
../lib/hybrid.h:41:10: optimized: basic block part vectorized using 2 byte vectors
../lib/hybrid.h:41:10: optimized: basic block part vectorized using 8 byte vectors
/scratch/ruimins/riscv_gnu_toolchain/install_glibc2.35/riscv64-unknown-linux-gnu/include/c++/15.1.0/bits/stl_vector.h:121:13: optimized: basic block part vectorized using 16 byte vectors
../lib/hybrid.h:41:10: optimized: basic block part vectorized using 2 byte vectors
/scratch/ruimins/riscv_gnu_toolchain/install_glibc2.35/riscv64-unknown-linux-gnu/include/c++/15.1.0/bits/stl_vector.h:114:17: optimized: basic block part vectorized using 16 byte vectors
/scratch/ruimins/riscv_gnu_toolchain/install_glibc2.35/riscv64-unknown-linux-gnu/include/c++/15.1.0/bits/stl_vector.h:114:17: optimized: basic block part vectorized using 16 byte vectors
/scratch/ruimins/riscv_gnu_toolchain/install_glibc2.35/riscv64-unknown-linux-gnu/include/c++/15.1.0/bits/stl_vector.h:121:13: optimized: basic block part vectorized using 16 byte vectors
/scratch/ruimins/riscv_gnu_toolchain/install_glibc2.35/riscv64-unknown-linux-gnu/include/c++/15.1.0/bits/stl_vector.h:121:13: optimized: basic block part vectorized using 16 byte vectors
/scratch/ruimins/riscv_gnu_toolchain/install_glibc2.35/riscv64-unknown-linux-gnu/include/c++/15.1.0/bits/stl_vector.h:121:13: optimized: basic block part vectorized using 16 byte vectors
/scratch/ruimins/riscv_gnu_toolchain/install_glibc2.35/riscv64-unknown-linux-gnu/include/c++/15.1.0/bits/stl_vector.h:121:13: optimized: basic block part vectorized using 16 byte vectors
../lib/hybrid.h:41:10: optimized: basic block part vectorized using 2 byte vectors
/scratch/ruimins/riscv_gnu_toolchain/install_glibc2.35/riscv64-unknown-linux-gnu/include/c++/15.1.0/bits/stl_vector.h:121:13: optimized: basic block part vectorized using 16 byte vectors
../lib/hybrid.h:41:10: optimized: basic block part vectorized using 2 byte vectors
/scratch/ruimins/riscv_gnu_toolchain/install_glibc2.35/riscv64-unknown-linux-gnu/include/c++/15.1.0/bits/stl_vector.h:114:17: optimized: basic block part vectorized using 16 byte vectors
/scratch/ruimins/riscv_gnu_toolchain/install_glibc2.35/riscv64-unknown-linux-gnu/include/c++/15.1.0/bits/stl_vector.h:114:17: optimized: basic block part vectorized using 16 byte vectors
/scratch/ruimins/riscv_gnu_toolchain/install_glibc2.35/riscv64-unknown-linux-gnu/include/c++/15.1.0/bits/stl_vector.h:121:13: optimized: basic block part vectorized using 16 byte vectors
/scratch/ruimins/riscv_gnu_toolchain/install_glibc2.35/riscv64-unknown-linux-gnu/include/c++/15.1.0/bits/stl_vector.h:121:13: optimized: basic block part vectorized using 16 byte vectors
/scratch/ruimins/riscv_gnu_toolchain/install_glibc2.35/riscv64-unknown-linux-gnu/include/c++/15.1.0/bits/stl_vector.h:121:13: optimized: basic block part vectorized using 16 byte vectors
/scratch/ruimins/riscv_gnu_toolchain/install_glibc2.35/riscv64-unknown-linux-gnu/include/c++/15.1.0/bits/stl_vector.h:121:13: optimized: basic block part vectorized using 16 byte vectors
../lib/hybrid.h:41:10: optimized: basic block part vectorized using 2 byte vectors
/scratch/ruimins/riscv_gnu_toolchain/install_glibc2.35/riscv64-unknown-linux-gnu/include/c++/15.1.0/bits/stl_vector.h:106:4: optimized: basic block part vectorized using 16 byte vectors
/scratch/ruimins/riscv_gnu_toolchain/install_glibc2.35/riscv64-unknown-linux-gnu/include/c++/15.1.0/bits/stl_vector.h:106:4: optimized: basic block part vectorized using 16 byte vectors
../lib/gates_qsim.h:576:3: optimized: basic block part vectorized using 16 byte vectors
/scratch/ruimins/riscv_gnu_toolchain/install_glibc2.35/riscv64-unknown-linux-gnu/include/c++/15.1.0/bits/stl_vector.h:106:4: optimized: basic block part vectorized using 16 byte vectors
../lib/gates_qsim.h:576:3: optimized: basic block part vectorized using 8 byte vectors
../lib/gates_qsim.h:576:3: optimized: basic block part vectorized using 8 byte vectors
../lib/gates_qsim.h:576:3: optimized: basic block part vectorized using 8 byte vectors
../lib/gates_qsim.h:576:3: optimized: basic block part vectorized using 8 byte vectors
/scratch/ruimins/riscv_gnu_toolchain/install_glibc2.35/riscv64-unknown-linux-gnu/include/c++/15.1.0/bits/stl_vector.h:106:4: optimized: basic block part vectorized using 16 byte vectors
/scratch/ruimins/riscv_gnu_toolchain/install_glibc2.35/riscv64-unknown-linux-gnu/include/c++/15.1.0/bits/stl_vector.h:106:4: optimized: basic block part vectorized using 16 byte vectors
../lib/gates_qsim.h:576:3: optimized: basic block part vectorized using 16 byte vectors
../lib/gates_qsim.h:576:3: optimized: basic block part vectorized using 16 byte vectors
/scratch/ruimins/riscv_gnu_toolchain/install_glibc2.35/riscv64-unknown-linux-gnu/include/c++/15.1.0/bits/stl_vector.h:106:4: optimized: basic block part vectorized using 16 byte vectors
/scratch/ruimins/riscv_gnu_toolchain/install_glibc2.35/riscv64-unknown-linux-gnu/include/c++/15.1.0/bits/stl_vector.h:106:4: optimized: basic block part vectorized using 16 byte vectors
/scratch/ruimins/riscv_gnu_toolchain/install_glibc2.35/riscv64-unknown-linux-gnu/include/c++/15.1.0/bits/stl_vector.h:106:4: optimized: basic block part vectorized using 16 byte vectors
/scratch/ruimins/riscv_gnu_toolchain/install_glibc2.35/riscv64-unknown-linux-gnu/include/c++/15.1.0/bits/stl_vector.h:106:4: optimized: basic block part vectorized using 16 byte vectors
../lib/gates_qsim.h:413:3: optimized: basic block part vectorized using 16 byte vectors
/scratch/ruimins/riscv_gnu_toolchain/install_glibc2.35/riscv64-unknown-linux-gnu/include/c++/15.1.0/bits/stl_vector.h:106:4: optimized: basic block part vectorized using 16 byte vectors
../lib/gates_qsim.h:413:3: optimized: basic block part vectorized using 16 byte vectors
/scratch/ruimins/riscv_gnu_toolchain/install_glibc2.35/riscv64-unknown-linux-gnu/include/c++/15.1.0/bits/stl_vector.h:106:4: optimized: basic block part vectorized using 16 byte vectors
/scratch/ruimins/riscv_gnu_toolchain/install_glibc2.35/riscv64-unknown-linux-gnu/include/c++/15.1.0/bits/stl_vector.h:106:4: optimized: basic block part vectorized using 16 byte vectors
../lib/gates_qsim.h:440:3: optimized: basic block part vectorized using 16 byte vectors
/scratch/ruimins/riscv_gnu_toolchain/install_glibc2.35/riscv64-unknown-linux-gnu/include/c++/15.1.0/bits/stl_vector.h:106:4: optimized: basic block part vectorized using 16 byte vectors
../lib/gates_qsim.h:440:3: optimized: basic block part vectorized using 16 byte vectors
/scratch/ruimins/riscv_gnu_toolchain/install_glibc2.35/riscv64-unknown-linux-gnu/include/c++/15.1.0/bits/stl_vector.h:106:4: optimized: basic block part vectorized using 16 byte vectors
/scratch/ruimins/riscv_gnu_toolchain/install_glibc2.35/riscv64-unknown-linux-gnu/include/c++/15.1.0/bits/stl_vector.h:106:4: optimized: basic block part vectorized using 16 byte vectors
../lib/gates_qsim.h:609:3: optimized: basic block part vectorized using 16 byte vectors
/scratch/ruimins/riscv_gnu_toolchain/install_glibc2.35/riscv64-unknown-linux-gnu/include/c++/15.1.0/bits/stl_vector.h:106:4: optimized: basic block part vectorized using 16 byte vectors
../lib/gates_qsim.h:609:3: optimized: basic block part vectorized using 16 byte vectors
../lib/gates_qsim.h:609:3: optimized: basic block part vectorized using 16 byte vectors
../lib/gates_qsim.h:609:3: optimized: basic block part vectorized using 8 byte vectors
/scratch/ruimins/riscv_gnu_toolchain/install_glibc2.35/riscv64-unknown-linux-gnu/include/c++/15.1.0/bits/stl_vector.h:106:4: optimized: basic block part vectorized using 16 byte vectors
/scratch/ruimins/riscv_gnu_toolchain/install_glibc2.35/riscv64-unknown-linux-gnu/include/c++/15.1.0/bits/stl_vector.h:106:4: optimized: basic block part vectorized using 16 byte vectors
/scratch/ruimins/riscv_gnu_toolchain/install_glibc2.35/riscv64-unknown-linux-gnu/include/c++/15.1.0/bits/stl_vector.h:106:4: optimized: basic block part vectorized using 16 byte vectors
/scratch/ruimins/riscv_gnu_toolchain/install_glibc2.35/riscv64-unknown-linux-gnu/include/c++/15.1.0/bits/stl_vector.h:106:4: optimized: basic block part vectorized using 16 byte vectors
/scratch/ruimins/riscv_gnu_toolchain/install_glibc2.35/riscv64-unknown-linux-gnu/include/c++/15.1.0/bits/stl_vector.h:106:4: optimized: basic block part vectorized using 16 byte vectors
/scratch/ruimins/riscv_gnu_toolchain/install_glibc2.35/riscv64-unknown-linux-gnu/include/c++/15.1.0/bits/stl_vector.h:106:4: optimized: basic block part vectorized using 16 byte vectors
/scratch/ruimins/riscv_gnu_toolchain/install_glibc2.35/riscv64-unknown-linux-gnu/include/c++/15.1.0/bits/stl_vector.h:106:4: optimized: basic block part vectorized using 16 byte vectors
/scratch/ruimins/riscv_gnu_toolchain/install_glibc2.35/riscv64-unknown-linux-gnu/include/c++/15.1.0/bits/stl_vector.h:106:4: optimized: basic block part vectorized using 16 byte vectors
/scratch/ruimins/riscv_gnu_toolchain/install_glibc2.35/riscv64-unknown-linux-gnu/include/c++/15.1.0/bits/stl_vector.h:106:4: optimized: basic block part vectorized using 16 byte vectors
/scratch/ruimins/riscv_gnu_toolchain/install_glibc2.35/riscv64-unknown-linux-gnu/include/c++/15.1.0/bits/stl_vector.h:106:4: optimized: basic block part vectorized using 16 byte vectors
/scratch/ruimins/riscv_gnu_toolchain/install_glibc2.35/riscv64-unknown-linux-gnu/include/c++/15.1.0/bits/stl_vector.h:106:4: optimized: basic block part vectorized using 16 byte vectors
/scratch/ruimins/riscv_gnu_toolchain/install_glibc2.35/riscv64-unknown-linux-gnu/include/c++/15.1.0/bits/stl_vector.h:106:4: optimized: basic block part vectorized using 16 byte vectors
/scratch/ruimins/riscv_gnu_toolchain/install_glibc2.35/riscv64-unknown-linux-gnu/include/c++/15.1.0/bits/stl_uninitialized.h:1310:22: optimized: loop vectorized using 8 byte vectors
../lib/hybrid.h:141:20: optimized: basic block part vectorized using 8 byte vectors
/scratch/ruimins/riscv_gnu_toolchain/install_glibc2.35/riscv64-unknown-linux-gnu/include/c++/15.1.0/bits/stl_vector.h:106:4: optimized: basic block part vectorized using 16 byte vectors
/scratch/ruimins/riscv_gnu_toolchain/install_glibc2.35/riscv64-unknown-linux-gnu/include/c++/15.1.0/bits/stl_vector.h:106:4: optimized: basic block part vectorized using 16 byte vectors
/scratch/ruimins/riscv_gnu_toolchain/install_glibc2.35/riscv64-unknown-linux-gnu/include/c++/15.1.0/bits/stl_vector.h:106:4: optimized: basic block part vectorized using 16 byte vectors
/scratch/ruimins/riscv_gnu_toolchain/install_glibc2.35/riscv64-unknown-linux-gnu/include/c++/15.1.0/bits/stl_vector.h:106:4: optimized: basic block part vectorized using 16 byte vectors
/scratch/ruimins/riscv_gnu_toolchain/install_glibc2.35/riscv64-unknown-linux-gnu/include/c++/15.1.0/bits/stl_vector.h:106:4: optimized: basic block part vectorized using 16 byte vectors
/scratch/ruimins/riscv_gnu_toolchain/install_glibc2.35/riscv64-unknown-linux-gnu/include/c++/15.1.0/bits/stl_vector.h:106:4: optimized: basic block part vectorized using 16 byte vectors
/scratch/ruimins/riscv_gnu_toolchain/install_glibc2.35/riscv64-unknown-linux-gnu/include/c++/15.1.0/bits/stl_vector.h:106:4: optimized: basic block part vectorized using 16 byte vectors
/scratch/ruimins/riscv_gnu_toolchain/install_glibc2.35/riscv64-unknown-linux-gnu/include/c++/15.1.0/bits/stl_vector.h:106:4: optimized: basic block part vectorized using 16 byte vectors
/scratch/ruimins/riscv_gnu_toolchain/install_glibc2.35/riscv64-unknown-linux-gnu/include/c++/15.1.0/bits/stl_vector.h:106:4: optimized: basic block part vectorized using 16 byte vectors
/scratch/ruimins/riscv_gnu_toolchain/install_glibc2.35/riscv64-unknown-linux-gnu/include/c++/15.1.0/bits/stl_vector.h:106:4: optimized: basic block part vectorized using 16 byte vectors
../lib/hybrid.h:277:3: optimized: basic block part vectorized using 16 byte vectors
../lib/hybrid.h:277:3: optimized: basic block part vectorized using 16 byte vectors
/scratch/ruimins/riscv_gnu_toolchain/install_glibc2.35/riscv64-unknown-linux-gnu/include/c++/15.1.0/bits/stl_vector.h:114:17: optimized: basic block part vectorized using 16 byte vectors
/scratch/ruimins/riscv_gnu_toolchain/install_glibc2.35/riscv64-unknown-linux-gnu/include/c++/15.1.0/bits/stl_vector.h:114:17: optimized: basic block part vectorized using 16 byte vectors
/scratch/ruimins/riscv_gnu_toolchain/install_glibc2.35/riscv64-unknown-linux-gnu/include/c++/15.1.0/bits/stl_vector.h:121:13: optimized: basic block part vectorized using 16 byte vectors
../lib/hybrid.h:41:10: optimized: basic block part vectorized using 8 byte vectors
../lib/hybrid.h:41:10: optimized: basic block part vectorized using 8 byte vectors
/scratch/ruimins/riscv_gnu_toolchain/install_glibc2.35/riscv64-unknown-linux-gnu/include/c++/15.1.0/bits/stl_vector.h:121:13: optimized: basic block part vectorized using 16 byte vectors
/scratch/ruimins/riscv_gnu_toolchain/install_glibc2.35/riscv64-unknown-linux-gnu/include/c++/15.1.0/bits/stl_vector.h:121:13: optimized: basic block part vectorized using 16 byte vectors
/scratch/ruimins/riscv_gnu_toolchain/install_glibc2.35/riscv64-unknown-linux-gnu/include/c++/15.1.0/bits/stl_vector.h:121:13: optimized: basic block part vectorized using 16 byte vectors
/scratch/ruimins/riscv_gnu_toolchain/install_glibc2.35/riscv64-unknown-linux-gnu/include/c++/15.1.0/bits/stl_vector.h:121:13: optimized: basic block part vectorized using 16 byte vectors
/scratch/ruimins/riscv_gnu_toolchain/install_glibc2.35/riscv64-unknown-linux-gnu/include/c++/15.1.0/bits/stl_vector.h:121:13: optimized: basic block part vectorized using 16 byte vectors
/scratch/ruimins/riscv_gnu_toolchain/install_glibc2.35/riscv64-unknown-linux-gnu/include/c++/15.1.0/bits/stl_vector.h:121:13: optimized: basic block part vectorized using 16 byte vectors
/scratch/ruimins/riscv_gnu_toolchain/install_glibc2.35/riscv64-unknown-linux-gnu/include/c++/15.1.0/bits/stl_vector.h:121:13: optimized: basic block part vectorized using 16 byte vectors
../lib/hybrid.h:41:10: optimized: basic block part vectorized using 2 byte vectors
../lib/hybrid.h:41:10: optimized: basic block part vectorized using 2 byte vectors
/scratch/ruimins/riscv_gnu_toolchain/install_glibc2.35/riscv64-unknown-linux-gnu/include/c++/15.1.0/bits/stl_vector.h:114:17: optimized: basic block part vectorized using 16 byte vectors
/scratch/ruimins/riscv_gnu_toolchain/install_glibc2.35/riscv64-unknown-linux-gnu/include/c++/15.1.0/bits/stl_vector.h:114:17: optimized: basic block part vectorized using 16 byte vectors
/scratch/ruimins/riscv_gnu_toolchain/install_glibc2.35/riscv64-unknown-linux-gnu/include/c++/15.1.0/bits/stl_vector.h:121:13: optimized: basic block part vectorized using 16 byte vectors
../lib/hybrid.h:41:10: optimized: basic block part vectorized using 8 byte vectors
../lib/hybrid.h:41:10: optimized: basic block part vectorized using 8 byte vectors
/scratch/ruimins/riscv_gnu_toolchain/install_glibc2.35/riscv64-unknown-linux-gnu/include/c++/15.1.0/bits/stl_vector.h:121:13: optimized: basic block part vectorized using 16 byte vectors
/scratch/ruimins/riscv_gnu_toolchain/install_glibc2.35/riscv64-unknown-linux-gnu/include/c++/15.1.0/bits/stl_vector.h:121:13: optimized: basic block part vectorized using 16 byte vectors
/scratch/ruimins/riscv_gnu_toolchain/install_glibc2.35/riscv64-unknown-linux-gnu/include/c++/15.1.0/bits/stl_vector.h:121:13: optimized: basic block part vectorized using 16 byte vectors
/scratch/ruimins/riscv_gnu_toolchain/install_glibc2.35/riscv64-unknown-linux-gnu/include/c++/15.1.0/bits/stl_vector.h:121:13: optimized: basic block part vectorized using 16 byte vectors
/scratch/ruimins/riscv_gnu_toolchain/install_glibc2.35/riscv64-unknown-linux-gnu/include/c++/15.1.0/bits/stl_vector.h:121:13: optimized: basic block part vectorized using 16 byte vectors
/scratch/ruimins/riscv_gnu_toolchain/install_glibc2.35/riscv64-unknown-linux-gnu/include/c++/15.1.0/bits/stl_vector.h:121:13: optimized: basic block part vectorized using 16 byte vectors
/scratch/ruimins/riscv_gnu_toolchain/install_glibc2.35/riscv64-unknown-linux-gnu/include/c++/15.1.0/bits/stl_vector.h:121:13: optimized: basic block part vectorized using 16 byte vectors
../lib/hybrid.h:41:10: optimized: basic block part vectorized using 2 byte vectors
../lib/hybrid.h:41:10: optimized: basic block part vectorized using 2 byte vectors
../lib/hybrid.h:260:7: optimized: basic block part vectorized using 16 byte vectors
../lib/hybrid.h:327:30: optimized: loop vectorized using variable length vectors
/scratch/ruimins/riscv_gnu_toolchain/install_glibc2.35/riscv64-unknown-linux-gnu/include/c++/15.1.0/bits/stl_vector.h:106:4: optimized: basic block part vectorized using 16 byte vectors
/scratch/ruimins/riscv_gnu_toolchain/install_glibc2.35/riscv64-unknown-linux-gnu/include/c++/15.1.0/bits/basic_ios.h:477:2: optimized: basic block part vectorized using 16 byte vectors
/scratch/ruimins/riscv_gnu_toolchain/install_glibc2.35/riscv64-unknown-linux-gnu/include/c++/15.1.0/bits/basic_ios.h:477:2: optimized: basic block part vectorized using 16 byte vectors
../lib/bitstring.h:89:39: optimized: basic block part vectorized using 16 byte vectors
/scratch/ruimins/riscv_gnu_toolchain/install_glibc2.35/riscv64-unknown-linux-gnu/include/c++/15.1.0/bits/stl_vector.h:106:4: optimized: basic block part vectorized using 16 byte vectors
../lib/run_qsimh.h:67:44: optimized: basic block part vectorized using 16 byte vectors
/scratch/ruimins/riscv_gnu_toolchain/install_glibc2.35/riscv64-unknown-linux-gnu/include/c++/15.1.0/bits/stl_vector.h:106:4: optimized: basic block part vectorized using 16 byte vectors
/scratch/ruimins/riscv_gnu_toolchain/install_glibc2.35/riscv64-unknown-linux-gnu/include/c++/15.1.0/bits/stl_vector.h:106:4: optimized: basic block part vectorized using 16 byte vectors
/scratch/ruimins/riscv_gnu_toolchain/install_glibc2.35/riscv64-unknown-linux-gnu/include/c++/15.1.0/bits/stl_vector.h:106:4: optimized: basic block part vectorized using 16 byte vectors
../lib/parfor.h:55:33: optimized: loop vectorized using variable length vectors
../lib/parfor.h:55:33: optimized: loop vectorized using variable length vectors
../lib/parfor.h:55:33: optimized:  loop versioned for vectorization because of possible aliasing
/scratch/ruimins/riscv_gnu_toolchain/install_glibc2.35/riscv64-unknown-linux-gnu/include/c++/15.1.0/bits/stl_heap.h:146:7: optimized: basic block part vectorized using 8 byte vectors
../lib/simulator_basic.h:201:32: optimized: loop vectorized using 16 byte vectors
../lib/simulator_basic.h:201:32: optimized: loop vectorized using variable length vectors
../lib/simulator_basic.h:188:30: optimized: loop vectorized using variable length vectors
../lib/simulator_basic.h:201:32: optimized: loop vectorized using 16 byte vectors
../lib/simulator_basic.h:201:32: optimized: loop vectorized using variable length vectors
../lib/simulator_basic.h:188:30: optimized: loop vectorized using variable length vectors
../lib/simulator.h:58:30: optimized: loop vectorized using variable length vectors
/scratch/ruimins/riscv_gnu_toolchain/install_glibc2.35/riscv64-unknown-linux-gnu/include/c++/15.1.0/bits/stl_algo.h:1764:7: optimized: basic block part vectorized using 8 byte vectors
/scratch/ruimins/riscv_gnu_toolchain/install_glibc2.35/riscv64-unknown-linux-gnu/include/c++/15.1.0/bits/stl_algo.h:1783:8: optimized: basic block part vectorized using 8 byte vectors
../lib/parfor.h:60:30: optimized: loop vectorized using variable length vectors
../lib/parfor.h:60:30: optimized:  loop versioned for vectorization because of possible aliasing
/scratch/ruimins/riscv_gnu_toolchain/install_glibc2.35/riscv64-unknown-linux-gnu/include/c++/15.1.0/bits/move.h:237:7: optimized: basic block part vectorized using 8 byte vectors
/scratch/ruimins/riscv_gnu_toolchain/install_glibc2.35/riscv64-unknown-linux-gnu/include/c++/15.1.0/bits/move.h:237:7: optimized: basic block part vectorized using 8 byte vectors
/scratch/ruimins/riscv_gnu_toolchain/install_glibc2.35/riscv64-unknown-linux-gnu/include/c++/15.1.0/bits/move.h:237:7: optimized: basic block part vectorized using 8 byte vectors
/scratch/ruimins/riscv_gnu_toolchain/install_glibc2.35/riscv64-unknown-linux-gnu/include/c++/15.1.0/bits/move.h:237:7: optimized: basic block part vectorized using 8 byte vectors
/scratch/ruimins/riscv_gnu_toolchain/install_glibc2.35/riscv64-unknown-linux-gnu/include/c++/15.1.0/bits/move.h:237:7: optimized: basic block part vectorized using 8 byte vectors
/scratch/ruimins/riscv_gnu_toolchain/install_glibc2.35/riscv64-unknown-linux-gnu/include/c++/15.1.0/bits/move.h:237:7: optimized: basic block part vectorized using 8 byte vectors
/scratch/ruimins/riscv_gnu_toolchain/install_glibc2.35/riscv64-unknown-linux-gnu/include/c++/15.1.0/bits/stl_vector.h:121:13: optimized: basic block part vectorized using 16 byte vectors
../lib/hybrid.h:41:10: optimized: basic block part vectorized using 8 byte vectors
/scratch/ruimins/riscv_gnu_toolchain/install_glibc2.35/riscv64-unknown-linux-gnu/include/c++/15.1.0/bits/stl_vector.h:121:13: optimized: basic block part vectorized using 16 byte vectors
/scratch/ruimins/riscv_gnu_toolchain/install_glibc2.35/riscv64-unknown-linux-gnu/include/c++/15.1.0/bits/stl_vector.h:121:13: optimized: basic block part vectorized using 16 byte vectors
/scratch/ruimins/riscv_gnu_toolchain/install_glibc2.35/riscv64-unknown-linux-gnu/include/c++/15.1.0/bits/stl_vector.h:121:13: optimized: basic block part vectorized using 16 byte vectors
/scratch/ruimins/riscv_gnu_toolchain/install_glibc2.35/riscv64-unknown-linux-gnu/include/c++/15.1.0/bits/stl_vector.h:121:13: optimized: basic block part vectorized using 16 byte vectors
/scratch/ruimins/riscv_gnu_toolchain/install_glibc2.35/riscv64-unknown-linux-gnu/include/c++/15.1.0/bits/stl_vector.h:121:13: optimized: basic block part vectorized using 16 byte vectors
/scratch/ruimins/riscv_gnu_toolchain/install_glibc2.35/riscv64-unknown-linux-gnu/include/c++/15.1.0/bits/stl_vector.h:121:13: optimized: basic block part vectorized using 16 byte vectors
/scratch/ruimins/riscv_gnu_toolchain/install_glibc2.35/riscv64-unknown-linux-gnu/include/c++/15.1.0/bits/stl_vector.h:121:13: optimized: basic block part vectorized using 16 byte vectors
../lib/hybrid.h:41:10: optimized: basic block part vectorized using 2 byte vectors
../lib/simulator_basic.h:266:34: optimized: loop vectorized using 16 byte vectors
../lib/simulator_basic.h:266:34: optimized: loop vectorized using variable length vectors
../lib/simulator_basic.h:201:32: optimized: loop vectorized using 16 byte vectors
../lib/simulator_basic.h:201:32: optimized: loop vectorized using variable length vectors
../lib/simulator_basic.h:201:32: optimized: loop vectorized using 16 byte vectors
../lib/simulator_basic.h:201:32: optimized: loop vectorized using variable length vectors
../lib/simulator_basic.h:188:30: optimized: loop vectorized using variable length vectors
../lib/simulator_basic.h:201:32: optimized: loop vectorized using 16 byte vectors
../lib/simulator_basic.h:201:32: optimized: loop vectorized using variable length vectors
../lib/simulator_basic.h:188:30: optimized: loop vectorized using variable length vectors
../lib/simulator.h:58:30: optimized: loop vectorized using variable length vectors
../lib/simulator_basic.h:266:34: optimized: loop vectorized using 16 byte vectors
../lib/simulator_basic.h:266:34: optimized: loop vectorized using variable length vectors
../lib/simulator.h:58:30: optimized: loop vectorized using variable length vectors
../lib/gate.h:125:8: optimized: basic block part vectorized using 2 byte vectors
../lib/gate.h:125:8: optimized: basic block part vectorized using 8 byte vectors
/scratch/ruimins/riscv_gnu_toolchain/install_glibc2.35/riscv64-unknown-linux-gnu/include/c++/15.1.0/bits/stl_vector.h:112:4: optimized: basic block part vectorized using 16 byte vectors
/scratch/ruimins/riscv_gnu_toolchain/install_glibc2.35/riscv64-unknown-linux-gnu/include/c++/15.1.0/bits/stl_vector.h:112:4: optimized: basic block part vectorized using 16 byte vectors
/scratch/ruimins/riscv_gnu_toolchain/install_glibc2.35/riscv64-unknown-linux-gnu/include/c++/15.1.0/bits/stl_vector.h:114:17: optimized: basic block part vectorized using 16 byte vectors
/scratch/ruimins/riscv_gnu_toolchain/install_glibc2.35/riscv64-unknown-linux-gnu/include/c++/15.1.0/bits/stl_vector.h:114:17: optimized: basic block part vectorized using 16 byte vectors
../lib/gate.h:125:8: optimized: basic block part vectorized using 2 byte vectors
../lib/gate.h:125:8: optimized: basic block part vectorized using 8 byte vectors
../lib/gate.h:125:8: optimized: basic block part vectorized using 2 byte vectors
../lib/gate.h:125:8: optimized: basic block part vectorized using 8 byte vectors
../lib/hybrid.h:41:10: optimized: basic block part vectorized using 2 byte vectors
../lib/hybrid.h:41:10: optimized: basic block part vectorized using 8 byte vectors
/scratch/ruimins/riscv_gnu_toolchain/install_glibc2.35/riscv64-unknown-linux-gnu/include/c++/15.1.0/bits/stl_vector.h:112:4: optimized: basic block part vectorized using 16 byte vectors
/scratch/ruimins/riscv_gnu_toolchain/install_glibc2.35/riscv64-unknown-linux-gnu/include/c++/15.1.0/bits/stl_vector.h:112:4: optimized: basic block part vectorized using 16 byte vectors
/scratch/ruimins/riscv_gnu_toolchain/install_glibc2.35/riscv64-unknown-linux-gnu/include/c++/15.1.0/bits/stl_vector.h:114:17: optimized: basic block part vectorized using 16 byte vectors
/scratch/ruimins/riscv_gnu_toolchain/install_glibc2.35/riscv64-unknown-linux-gnu/include/c++/15.1.0/bits/stl_vector.h:114:17: optimized: basic block part vectorized using 16 byte vectors
../lib/hybrid.h:41:10: optimized: basic block part vectorized using 2 byte vectors
../lib/hybrid.h:41:10: optimized: basic block part vectorized using 8 byte vectors
../lib/hybrid.h:41:10: optimized: basic block part vectorized using 2 byte vectors
../lib/hybrid.h:41:10: optimized: basic block part vectorized using 8 byte vectors
/scratch/ruimins/riscv_gnu_toolchain/install_glibc2.35/riscv64-unknown-linux-gnu/include/c++/15.1.0/bits/stl_uninitialized.h:1310:22: optimized: loop vectorized using 8 byte vectors
../lib/fuser.h:31:8: optimized: basic block part vectorized using 8 byte vectors
/scratch/ruimins/riscv_gnu_toolchain/install_glibc2.35/riscv64-unknown-linux-gnu/include/c++/15.1.0/bits/stl_vector.h:112:4: optimized: basic block part vectorized using 16 byte vectors
/scratch/ruimins/riscv_gnu_toolchain/install_glibc2.35/riscv64-unknown-linux-gnu/include/c++/15.1.0/bits/stl_vector.h:114:17: optimized: basic block part vectorized using 16 byte vectors
/scratch/ruimins/riscv_gnu_toolchain/install_glibc2.35/riscv64-unknown-linux-gnu/include/c++/15.1.0/bits/stl_vector.h:114:17: optimized: basic block part vectorized using 16 byte vectors
../lib/fuser.h:31:8: optimized: basic block part vectorized using 8 byte vectors
/scratch/ruimins/riscv_gnu_toolchain/install_glibc2.35/riscv64-unknown-linux-gnu/include/c++/15.1.0/bits/stl_vector.h:114:17: optimized: basic block part vectorized using 16 byte vectors
/scratch/ruimins/riscv_gnu_toolchain/install_glibc2.35/riscv64-unknown-linux-gnu/include/c++/15.1.0/bits/stl_vector.h:114:17: optimized: basic block part vectorized using 16 byte vectors
/scratch/ruimins/riscv_gnu_toolchain/install_glibc2.35/riscv64-unknown-linux-gnu/include/c++/15.1.0/bits/stl_vector.h:114:17: optimized: basic block part vectorized using 16 byte vectors
/scratch/ruimins/riscv_gnu_toolchain/install_glibc2.35/riscv64-unknown-linux-gnu/include/c++/15.1.0/bits/stl_vector.h:121:13: optimized: basic block part vectorized using 16 byte vectors
/scratch/ruimins/riscv_gnu_toolchain/install_glibc2.35/riscv64-unknown-linux-gnu/include/c++/15.1.0/bits/stl_vector.h:121:13: optimized: basic block part vectorized using 16 byte vectors
/scratch/ruimins/riscv_gnu_toolchain/install_glibc2.35/riscv64-unknown-linux-gnu/include/c++/15.1.0/bits/stl_vector.h:121:13: optimized: basic block part vectorized using 16 byte vectors
/scratch/ruimins/riscv_gnu_toolchain/install_glibc2.35/riscv64-unknown-linux-gnu/include/c++/15.1.0/bits/stl_vector.h:121:13: optimized: basic block part vectorized using 16 byte vectors
/scratch/ruimins/riscv_gnu_toolchain/install_glibc2.35/riscv64-unknown-linux-gnu/include/c++/15.1.0/bits/stl_vector.h:121:13: optimized: basic block part vectorized using 16 byte vectors
/scratch/ruimins/riscv_gnu_toolchain/install_glibc2.35/riscv64-unknown-linux-gnu/include/c++/15.1.0/bits/stl_vector.h:121:13: optimized: basic block part vectorized using 16 byte vectors
/scratch/ruimins/riscv_gnu_toolchain/install_glibc2.35/riscv64-unknown-linux-gnu/include/c++/15.1.0/bits/stl_vector.h:121:13: optimized: basic block part vectorized using 16 byte vectors
/scratch/ruimins/riscv_gnu_toolchain/install_glibc2.35/riscv64-unknown-linux-gnu/include/c++/15.1.0/bits/stl_vector.h:121:13: optimized: basic block part vectorized using 16 byte vectors
../lib/hybrid.h:41:10: optimized: basic block part vectorized using 2 byte vectors
/scratch/ruimins/riscv_gnu_toolchain/install_glibc2.35/riscv64-unknown-linux-gnu/include/c++/15.1.0/bits/stl_vector.h:121:13: optimized: basic block part vectorized using 16 byte vectors
/scratch/ruimins/riscv_gnu_toolchain/install_glibc2.35/riscv64-unknown-linux-gnu/include/c++/15.1.0/bits/stl_vector.h:121:13: optimized: basic block part vectorized using 16 byte vectors
/scratch/ruimins/riscv_gnu_toolchain/install_glibc2.35/riscv64-unknown-linux-gnu/include/c++/15.1.0/bits/stl_vector.h:121:13: optimized: basic block part vectorized using 16 byte vectors
/scratch/ruimins/riscv_gnu_toolchain/install_glibc2.35/riscv64-unknown-linux-gnu/include/c++/15.1.0/bits/stl_vector.h:121:13: optimized: basic block part vectorized using 16 byte vectors
../lib/hybrid.h:41:10: optimized: basic block part vectorized using 2 byte vectors
/scratch/ruimins/riscv_gnu_toolchain/install_glibc2.35/riscv64-unknown-linux-gnu/include/c++/15.1.0/bits/stl_vector.h:114:17: optimized: basic block part vectorized using 16 byte vectors
/scratch/ruimins/riscv_gnu_toolchain/install_glibc2.35/riscv64-unknown-linux-gnu/include/c++/15.1.0/bits/stl_vector.h:114:17: optimized: basic block part vectorized using 16 byte vectors
/scratch/ruimins/riscv_gnu_toolchain/install_glibc2.35/riscv64-unknown-linux-gnu/include/c++/15.1.0/bits/stl_vector.h:121:13: optimized: basic block part vectorized using 16 byte vectors
../lib/hybrid.h:41:10: optimized: basic block part vectorized using 8 byte vectors
/scratch/ruimins/riscv_gnu_toolchain/install_glibc2.35/riscv64-unknown-linux-gnu/include/c++/15.1.0/bits/stl_vector.h:121:13: optimized: basic block part vectorized using 16 byte vectors
/scratch/ruimins/riscv_gnu_toolchain/install_glibc2.35/riscv64-unknown-linux-gnu/include/c++/15.1.0/bits/stl_vector.h:121:13: optimized: basic block part vectorized using 16 byte vectors
/scratch/ruimins/riscv_gnu_toolchain/install_glibc2.35/riscv64-unknown-linux-gnu/include/c++/15.1.0/bits/stl_vector.h:121:13: optimized: basic block part vectorized using 16 byte vectors
/scratch/ruimins/riscv_gnu_toolchain/install_glibc2.35/riscv64-unknown-linux-gnu/include/c++/15.1.0/bits/stl_vector.h:121:13: optimized: basic block part vectorized using 16 byte vectors
/scratch/ruimins/riscv_gnu_toolchain/install_glibc2.35/riscv64-unknown-linux-gnu/include/c++/15.1.0/bits/stl_vector.h:121:13: optimized: basic block part vectorized using 16 byte vectors
/scratch/ruimins/riscv_gnu_toolchain/install_glibc2.35/riscv64-unknown-linux-gnu/include/c++/15.1.0/bits/stl_vector.h:121:13: optimized: basic block part vectorized using 16 byte vectors
/scratch/ruimins/riscv_gnu_toolchain/install_glibc2.35/riscv64-unknown-linux-gnu/include/c++/15.1.0/bits/stl_vector.h:121:13: optimized: basic block part vectorized using 16 byte vectors
../lib/hybrid.h:41:10: optimized: basic block part vectorized using 2 byte vectors
/scratch/ruimins/riscv_gnu_toolchain/install_glibc2.35/riscv64-unknown-linux-gnu/include/c++/15.1.0/bits/stl_vector.h:121:13: optimized: basic block part vectorized using 16 byte vectors
/scratch/ruimins/riscv_gnu_toolchain/install_glibc2.35/riscv64-unknown-linux-gnu/include/c++/15.1.0/bits/stl_vector.h:121:13: optimized: basic block part vectorized using 16 byte vectors
/scratch/ruimins/riscv_gnu_toolchain/install_glibc2.35/riscv64-unknown-linux-gnu/include/c++/15.1.0/bits/stl_vector.h:121:13: optimized: basic block part vectorized using 16 byte vectors
/scratch/ruimins/riscv_gnu_toolchain/install_glibc2.35/riscv64-unknown-linux-gnu/include/c++/15.1.0/bits/stl_vector.h:121:13: optimized: basic block part vectorized using 16 byte vectors
../lib/hybrid.h:41:10: optimized: basic block part vectorized using 2 byte vectors
../lib/parfor.h:60:30: optimized: loop vectorized using variable length vectors
../lib/parfor.h:60:30: optimized:  loop versioned for vectorization because of possible aliasing
../lib/simulator.h:58:30: optimized: loop vectorized using variable length vectors
../lib/simulator.h:58:30: optimized: loop vectorized using variable length vectors
../lib/simulator_basic.h:201:32: optimized: loop vectorized using 16 byte vectors
../lib/simulator_basic.h:201:32: optimized: loop vectorized using variable length vectors
../lib/simulator.h:58:30: optimized: loop vectorized using variable length vectors
../lib/simulator.h:58:30: optimized: loop vectorized using variable length vectors
../lib/simulator.h:58:30: optimized: loop vectorized using variable length vectors
/scratch/ruimins/riscv_gnu_toolchain/install_glibc2.35/riscv64-unknown-linux-gnu/include/c++/15.1.0/bits/stl_vector.h:121:13: optimized: basic block part vectorized using 16 byte vectors
/scratch/ruimins/riscv_gnu_toolchain/install_glibc2.35/riscv64-unknown-linux-gnu/include/c++/15.1.0/bits/stl_vector.h:121:13: optimized: basic block part vectorized using 16 byte vectors
/scratch/ruimins/riscv_gnu_toolchain/install_glibc2.35/riscv64-unknown-linux-gnu/include/c++/15.1.0/bits/stl_vector.h:121:13: optimized: basic block part vectorized using 16 byte vectors
/scratch/ruimins/riscv_gnu_toolchain/install_glibc2.35/riscv64-unknown-linux-gnu/include/c++/15.1.0/bits/stl_vector.h:121:13: optimized: basic block part vectorized using 16 byte vectors
/scratch/ruimins/riscv_gnu_toolchain/install_glibc2.35/riscv64-unknown-linux-gnu/include/c++/15.1.0/bits/stl_vector.h:121:13: optimized: basic block part vectorized using 16 byte vectors
/scratch/ruimins/riscv_gnu_toolchain/install_glibc2.35/riscv64-unknown-linux-gnu/include/c++/15.1.0/bits/stl_vector.h:121:13: optimized: basic block part vectorized using 16 byte vectors
/scratch/ruimins/riscv_gnu_toolchain/install_glibc2.35/riscv64-unknown-linux-gnu/include/c++/15.1.0/bits/stl_vector.h:121:13: optimized: basic block part vectorized using 16 byte vectors
/scratch/ruimins/riscv_gnu_toolchain/install_glibc2.35/riscv64-unknown-linux-gnu/include/c++/15.1.0/bits/stl_vector.h:121:13: optimized: basic block part vectorized using 16 byte vectors
../lib/hybrid.h:41:10: optimized: basic block part vectorized using 2 byte vectors
/scratch/ruimins/riscv_gnu_toolchain/install_glibc2.35/riscv64-unknown-linux-gnu/include/c++/15.1.0/bits/stl_vector.h:114:17: optimized: basic block part vectorized using 16 byte vectors
/scratch/ruimins/riscv_gnu_toolchain/install_glibc2.35/riscv64-unknown-linux-gnu/include/c++/15.1.0/bits/stl_vector.h:114:17: optimized: basic block part vectorized using 16 byte vectors
/scratch/ruimins/riscv_gnu_toolchain/install_glibc2.35/riscv64-unknown-linux-gnu/include/c++/15.1.0/bits/stl_vector.h:121:13: optimized: basic block part vectorized using 16 byte vectors
/scratch/ruimins/riscv_gnu_toolchain/install_glibc2.35/riscv64-unknown-linux-gnu/include/c++/15.1.0/bits/stl_vector.h:121:13: optimized: basic block part vectorized using 16 byte vectors
/scratch/ruimins/riscv_gnu_toolchain/install_glibc2.35/riscv64-unknown-linux-gnu/include/c++/15.1.0/bits/stl_vector.h:121:13: optimized: basic block part vectorized using 16 byte vectors
/scratch/ruimins/riscv_gnu_toolchain/install_glibc2.35/riscv64-unknown-linux-gnu/include/c++/15.1.0/bits/stl_vector.h:121:13: optimized: basic block part vectorized using 16 byte vectors
/scratch/ruimins/riscv_gnu_toolchain/install_glibc2.35/riscv64-unknown-linux-gnu/include/c++/15.1.0/bits/stl_vector.h:121:13: optimized: basic block part vectorized using 16 byte vectors
/scratch/ruimins/riscv_gnu_toolchain/install_glibc2.35/riscv64-unknown-linux-gnu/include/c++/15.1.0/bits/stl_vector.h:121:13: optimized: basic block part vectorized using 16 byte vectors
/scratch/ruimins/riscv_gnu_toolchain/install_glibc2.35/riscv64-unknown-linux-gnu/include/c++/15.1.0/bits/stl_vector.h:121:13: optimized: basic block part vectorized using 16 byte vectors
/scratch/ruimins/riscv_gnu_toolchain/install_glibc2.35/riscv64-unknown-linux-gnu/include/c++/15.1.0/bits/stl_vector.h:121:13: optimized: basic block part vectorized using 16 byte vectors
../lib/hybrid.h:41:10: optimized: basic block part vectorized using 2 byte vectors
../lib/hybrid.h:41:10: optimized: basic block part vectorized using 8 byte vectors
/scratch/ruimins/riscv_gnu_toolchain/install_glibc2.35/riscv64-unknown-linux-gnu/include/c++/15.1.0/bits/stl_vector.h:121:13: optimized: basic block part vectorized using 16 byte vectors
/scratch/ruimins/riscv_gnu_toolchain/install_glibc2.35/riscv64-unknown-linux-gnu/include/c++/15.1.0/bits/stl_vector.h:121:13: optimized: basic block part vectorized using 16 byte vectors
/scratch/ruimins/riscv_gnu_toolchain/install_glibc2.35/riscv64-unknown-linux-gnu/include/c++/15.1.0/bits/stl_vector.h:121:13: optimized: basic block part vectorized using 16 byte vectors
/scratch/ruimins/riscv_gnu_toolchain/install_glibc2.35/riscv64-unknown-linux-gnu/include/c++/15.1.0/bits/stl_vector.h:121:13: optimized: basic block part vectorized using 16 byte vectors
../lib/hybrid.h:41:10: optimized: basic block part vectorized using 2 byte vectors
../lib/hybrid.h:41:10: optimized: basic block part vectorized using 2 byte vectors
../lib/hybrid.h:41:10: optimized: basic block part vectorized using 8 byte vectors
/scratch/ruimins/riscv_gnu_toolchain/install_glibc2.35/riscv64-unknown-linux-gnu/include/c++/15.1.0/bits/stl_uninitialized.h:1310:22: optimized: loop vectorized using 8 byte vectors
../lib/parfor.h:60:30: optimized: loop vectorized using variable length vectors
/scratch/ruimins/riscv_gnu_toolchain/install_glibc2.35/riscv64-unknown-linux-gnu/include/c++/15.1.0/bits/basic_ios.h:477:2: optimized: basic block part vectorized using 16 byte vectors
qsimh_amplitudes.cc:41:8: optimized: basic block part vectorized using 16 byte vectors
/scratch/ruimins/riscv_gnu_toolchain/install_glibc2.35/riscv64-unknown-linux-gnu/include/c++/15.1.0/bits/stl_vector.h:106:4: optimized: basic block part vectorized using 16 byte vectors
/scratch/ruimins/riscv_gnu_toolchain/install_glibc2.35/riscv64-unknown-linux-gnu/include/c++/15.1.0/bits/stl_vector.h:106:4: optimized: basic block part vectorized using 16 byte vectors
/scratch/ruimins/riscv_gnu_toolchain/install_glibc2.35/riscv64-unknown-linux-gnu/include/c++/15.1.0/bits/stl_vector.h:106:4: optimized: basic block part vectorized using 16 byte vectors
../lib/gate.h:125:8: optimized: basic block part vectorized using 2 byte vectors
../lib/gate.h:125:8: optimized: basic block part vectorized using 8 byte vectors
/scratch/ruimins/riscv_gnu_toolchain/install_glibc2.35/riscv64-unknown-linux-gnu/include/c++/15.1.0/bits/stl_vector.h:106:4: optimized: basic block part vectorized using 16 byte vectors
/scratch/ruimins/riscv_gnu_toolchain/install_glibc2.35/riscv64-unknown-linux-gnu/include/c++/15.1.0/bits/stl_vector.h:106:4: optimized: basic block part vectorized using 16 byte vectors
/scratch/ruimins/riscv_gnu_toolchain/install_glibc2.35/riscv64-unknown-linux-gnu/include/c++/15.1.0/bits/stl_algobase.h:924:22: optimized: loop vectorized using variable length vectors
/scratch/ruimins/riscv_gnu_toolchain/install_glibc2.35/riscv64-unknown-linux-gnu/include/c++/15.1.0/bits/stl_uninitialized.h:144:22: optimized: loop vectorized using variable length vectors
/scratch/ruimins/riscv_gnu_toolchain/install_glibc2.35/riscv64-unknown-linux-gnu/include/c++/15.1.0/bits/stl_uninitialized.h:144:22: optimized:  loop versioned for vectorization because of possible aliasing
/scratch/ruimins/riscv_gnu_toolchain/install_glibc2.35/riscv64-unknown-linux-gnu/include/c++/15.1.0/bits/stl_algobase.h:924:22: optimized: loop vectorized using variable length vectors
/scratch/ruimins/riscv_gnu_toolchain/install_glibc2.35/riscv64-unknown-linux-gnu/include/c++/15.1.0/bits/stl_uninitialized.h:144:22: optimized: loop vectorized using variable length vectors
/scratch/ruimins/riscv_gnu_toolchain/install_glibc2.35/riscv64-unknown-linux-gnu/include/c++/15.1.0/bits/stl_uninitialized.h:144:22: optimized:  loop versioned for vectorization because of possible aliasing
/scratch/ruimins/riscv_gnu_toolchain/install_glibc2.35/riscv64-unknown-linux-gnu/include/c++/15.1.0/bits/stl_uninitialized.h:469:7: optimized: loop vectorized using variable length vectors
/scratch/ruimins/riscv_gnu_toolchain/install_glibc2.35/riscv64-unknown-linux-gnu/include/c++/15.1.0/bits/stl_uninitialized.h:144:22: optimized: loop vectorized using variable length vectors
/scratch/ruimins/riscv_gnu_toolchain/install_glibc2.35/riscv64-unknown-linux-gnu/include/c++/15.1.0/bits/stl_uninitialized.h:144:22: optimized:  loop versioned for vectorization because of possible aliasing
/scratch/ruimins/riscv_gnu_toolchain/install_glibc2.35/riscv64-unknown-linux-gnu/include/c++/15.1.0/bits/stl_uninitialized.h:469:7: optimized: loop vectorized using variable length vectors
../lib/gates_qsim.h:281:49: optimized: basic block part vectorized using 8 byte vectors
../lib/gate.h:31:29: optimized: loop vectorized using 16 byte vectors
../lib/gate.h:31:29: optimized:  loop versioned for vectorization to enhance alignment
../lib/gate.h:31:29: optimized: loop vectorized using 16 byte vectors
../lib/gate.h:31:29: optimized:  loop versioned for vectorization to enhance alignment
../lib/gate.h:31:29: optimized: loop vectorized using 16 byte vectors
../lib/gate.h:31:29: optimized:  loop versioned for vectorization to enhance alignment
../lib/gate.h:31:29: optimized: loop vectorized using 16 byte vectors
../lib/gate.h:31:29: optimized:  loop versioned for vectorization to enhance alignment
../lib/gate.h:31:29: optimized: loop vectorized using 16 byte vectors
../lib/gate.h:31:29: optimized:  loop versioned for vectorization to enhance alignment
../lib/circuit_qsim_parser.h:360:21: optimized: basic block part vectorized using 16 byte vectors
/scratch/ruimins/riscv_gnu_toolchain/install_glibc2.35/riscv64-unknown-linux-gnu/include/c++/15.1.0/bits/stl_vector.h:112:4: optimized: basic block part vectorized using 16 byte vectors
/scratch/ruimins/riscv_gnu_toolchain/install_glibc2.35/riscv64-unknown-linux-gnu/include/c++/15.1.0/bits/stl_vector.h:112:4: optimized: basic block part vectorized using 16 byte vectors
/scratch/ruimins/riscv_gnu_toolchain/install_glibc2.35/riscv64-unknown-linux-gnu/include/c++/15.1.0/bits/stl_vector.h:112:4: optimized: basic block part vectorized using 16 byte vectors
/scratch/ruimins/riscv_gnu_toolchain/install_glibc2.35/riscv64-unknown-linux-gnu/include/c++/15.1.0/bits/stl_vector.h:112:4: optimized: basic block part vectorized using 16 byte vectors
/scratch/ruimins/riscv_gnu_toolchain/install_glibc2.35/riscv64-unknown-linux-gnu/include/c++/15.1.0/bits/stl_vector.h:112:4: optimized: basic block part vectorized using 16 byte vectors
/scratch/ruimins/riscv_gnu_toolchain/install_glibc2.35/riscv64-unknown-linux-gnu/include/c++/15.1.0/bits/stl_vector.h:112:4: optimized: basic block part vectorized using 16 byte vectors
../lib/circuit_qsim_parser.h:240:31: optimized: loop vectorized using 16 byte vectors
../lib/circuit_qsim_parser.h:240:31: optimized:  loop versioned for vectorization to enhance alignment
../lib/gate.h:125:8: optimized: basic block part vectorized using 2 byte vectors
../lib/gate.h:125:8: optimized: basic block part vectorized using 8 byte vectors
/scratch/ruimins/riscv_gnu_toolchain/install_glibc2.35/riscv64-unknown-linux-gnu/include/c++/15.1.0/bits/basic_ios.h:477:2: optimized: basic block part vectorized using 16 byte vectors
/scratch/ruimins/riscv_gnu_toolchain/install_glibc2.35/riscv64-unknown-linux-gnu/include/c++/15.1.0/bits/stl_vector.h:106:4: optimized: basic block part vectorized using 16 byte vectors
/scratch/ruimins/riscv_gnu_toolchain/install_glibc2.35/riscv64-unknown-linux-gnu/include/c++/15.1.0/bits/stl_vector.h:106:4: optimized: basic block part vectorized using 16 byte vectors
/scratch/ruimins/riscv_gnu_toolchain/install_glibc2.35/riscv64-unknown-linux-gnu/include/c++/15.1.0/bits/stl_vector.h:106:4: optimized: basic block part vectorized using 16 byte vectors
../lib/matrix.h:195:26: optimized: loop vectorized using variable length vectors
../lib/matrix.h:79:30: optimized: loop vectorized using variable length vectors
../lib/matrix.h:79:30: optimized: loop vectorized using variable length vectors
../lib/fuser.h:187:35: optimized: loop vectorized using 16 byte vectors
../lib/matrix.h:57:26: optimized: loop vectorized using variable length vectors
/scratch/ruimins/riscv_gnu_toolchain/install_glibc2.35/riscv64-unknown-linux-gnu/include/c++/15.1.0/bits/stl_uninitialized.h:1310:22: optimized: loop vectorized using 8 byte vectors
/scratch/ruimins/riscv_gnu_toolchain/install_glibc2.35/riscv64-unknown-linux-gnu/include/c++/15.1.0/bits/stl_vector.h:106:4: optimized: basic block part vectorized using 16 byte vectors
/scratch/ruimins/riscv_gnu_toolchain/install_glibc2.35/riscv64-unknown-linux-gnu/include/c++/15.1.0/bits/stl_vector.h:106:4: optimized: basic block part vectorized using 16 byte vectors
/scratch/ruimins/riscv_gnu_toolchain/install_glibc2.35/riscv64-unknown-linux-gnu/include/c++/15.1.0/bits/stl_vector.h:106:4: optimized: basic block part vectorized using 16 byte vectors
/scratch/ruimins/riscv_gnu_toolchain/install_glibc2.35/riscv64-unknown-linux-gnu/include/c++/15.1.0/bits/stl_vector.h:106:4: optimized: basic block part vectorized using 16 byte vectors
/scratch/ruimins/riscv_gnu_toolchain/install_glibc2.35/riscv64-unknown-linux-gnu/include/c++/15.1.0/bits/stl_uninitialized.h:144:22: optimized: loop vectorized using variable length vectors
/scratch/ruimins/riscv_gnu_toolchain/install_glibc2.35/riscv64-unknown-linux-gnu/include/c++/15.1.0/bits/stl_uninitialized.h:144:22: optimized:  loop versioned for vectorization because of possible aliasing
/scratch/ruimins/riscv_gnu_toolchain/install_glibc2.35/riscv64-unknown-linux-gnu/include/c++/15.1.0/bits/stl_uninitialized.h:875:15: optimized: loop vectorized using 16 byte vectors
/scratch/ruimins/riscv_gnu_toolchain/install_glibc2.35/riscv64-unknown-linux-gnu/include/c++/15.1.0/bits/stl_vector.h:106:4: optimized: basic block part vectorized using 16 byte vectors
/scratch/ruimins/riscv_gnu_toolchain/install_glibc2.35/riscv64-unknown-linux-gnu/include/c++/15.1.0/bits/stl_vector.h:106:4: optimized: basic block part vectorized using 16 byte vectors
/scratch/ruimins/riscv_gnu_toolchain/install_glibc2.35/riscv64-unknown-linux-gnu/include/c++/15.1.0/bits/stl_vector.h:106:4: optimized: basic block part vectorized using 16 byte vectors
../lib/fuser_basic.h:368:15: optimized: basic block part vectorized using 8 byte vectors
../lib/fuser_basic.h:368:15: optimized: basic block part vectorized using 8 byte vectors
../lib/fuser_basic.h:338:3: optimized: basic block part vectorized using 8 byte vectors
/scratch/ruimins/riscv_gnu_toolchain/install_glibc2.35/riscv64-unknown-linux-gnu/include/c++/15.1.0/bits/stl_vector.h:106:4: optimized: basic block part vectorized using 16 byte vectors
../lib/fuser_basic.h:368:15: optimized: basic block part vectorized using 8 byte vectors
../lib/fuser_basic.h:305:19: optimized: basic block part vectorized using 8 byte vectors
/scratch/ruimins/riscv_gnu_toolchain/install_glibc2.35/riscv64-unknown-linux-gnu/include/c++/15.1.0/bits/stl_vector.h:106:4: optimized: basic block part vectorized using 16 byte vectors
../lib/fuser_basic.h:306:29: optimized: basic block part vectorized using 16 byte vectors
../lib/fuser_basic.h:306:29: optimized: basic block part vectorized using 16 byte vectors
../lib/fuser.h:155:3: optimized: basic block part vectorized using 8 byte vectors
/scratch/ruimins/riscv_gnu_toolchain/install_glibc2.35/riscv64-unknown-linux-gnu/include/c++/15.1.0/bits/stl_vector.h:106:4: optimized: basic block part vectorized using 16 byte vectors
/scratch/ruimins/riscv_gnu_toolchain/install_glibc2.35/riscv64-unknown-linux-gnu/include/c++/15.1.0/bits/stl_vector.h:114:17: optimized: basic block part vectorized using 16 byte vectors
/scratch/ruimins/riscv_gnu_toolchain/install_glibc2.35/riscv64-unknown-linux-gnu/include/c++/15.1.0/bits/stl_vector.h:114:17: optimized: basic block part vectorized using 16 byte vectors
../lib/hybrid.h:41:10: optimized: basic block part vectorized using 2 byte vectors
../lib/hybrid.h:41:10: optimized: basic block part vectorized using 8 byte vectors
/scratch/ruimins/riscv_gnu_toolchain/install_glibc2.35/riscv64-unknown-linux-gnu/include/c++/15.1.0/bits/stl_vector.h:112:4: optimized: basic block part vectorized using 16 byte vectors
/scratch/ruimins/riscv_gnu_toolchain/install_glibc2.35/riscv64-unknown-linux-gnu/include/c++/15.1.0/bits/stl_vector.h:112:4: optimized: basic block part vectorized using 16 byte vectors
../lib/hybrid.h:41:10: optimized: basic block part vectorized using 2 byte vectors
../lib/hybrid.h:41:10: optimized: basic block part vectorized using 8 byte vectors
/scratch/ruimins/riscv_gnu_toolchain/install_glibc2.35/riscv64-unknown-linux-gnu/include/c++/15.1.0/bits/stl_vector.h:112:4: optimized: basic block part vectorized using 16 byte vectors
/scratch/ruimins/riscv_gnu_toolchain/install_glibc2.35/riscv64-unknown-linux-gnu/include/c++/15.1.0/bits/stl_vector.h:112:4: optimized: basic block part vectorized using 16 byte vectors
../lib/hybrid.h:41:10: optimized: basic block part vectorized using 2 byte vectors
../lib/hybrid.h:41:10: optimized: basic block part vectorized using 8 byte vectors
/scratch/ruimins/riscv_gnu_toolchain/install_glibc2.35/riscv64-unknown-linux-gnu/include/c++/15.1.0/bits/stl_vector.h:114:17: optimized: basic block part vectorized using 16 byte vectors
/scratch/ruimins/riscv_gnu_toolchain/install_glibc2.35/riscv64-unknown-linux-gnu/include/c++/15.1.0/bits/stl_vector.h:114:17: optimized: basic block part vectorized using 16 byte vectors
../lib/hybrid.h:41:10: optimized: basic block part vectorized using 2 byte vectors
../lib/hybrid.h:41:10: optimized: basic block part vectorized using 8 byte vectors
/scratch/ruimins/riscv_gnu_toolchain/install_glibc2.35/riscv64-unknown-linux-gnu/include/c++/15.1.0/bits/stl_vector.h:114:17: optimized: basic block part vectorized using 16 byte vectors
/scratch/ruimins/riscv_gnu_toolchain/install_glibc2.35/riscv64-unknown-linux-gnu/include/c++/15.1.0/bits/stl_vector.h:114:17: optimized: basic block part vectorized using 16 byte vectors
../lib/hybrid.h:41:10: optimized: basic block part vectorized using 8 byte vectors
/scratch/ruimins/riscv_gnu_toolchain/install_glibc2.35/riscv64-unknown-linux-gnu/include/c++/15.1.0/bits/stl_vector.h:121:13: optimized: basic block part vectorized using 16 byte vectors
/scratch/ruimins/riscv_gnu_toolchain/install_glibc2.35/riscv64-unknown-linux-gnu/include/c++/15.1.0/bits/stl_vector.h:121:13: optimized: basic block part vectorized using 16 byte vectors
/scratch/ruimins/riscv_gnu_toolchain/install_glibc2.35/riscv64-unknown-linux-gnu/include/c++/15.1.0/bits/stl_vector.h:121:13: optimized: basic block part vectorized using 16 byte vectors
/scratch/ruimins/riscv_gnu_toolchain/install_glibc2.35/riscv64-unknown-linux-gnu/include/c++/15.1.0/bits/stl_vector.h:121:13: optimized: basic block part vectorized using 16 byte vectors
/scratch/ruimins/riscv_gnu_toolchain/install_glibc2.35/riscv64-unknown-linux-gnu/include/c++/15.1.0/bits/stl_vector.h:121:13: optimized: basic block part vectorized using 16 byte vectors
../lib/hybrid.h:41:10: optimized: basic block part vectorized using 2 byte vectors
../lib/hybrid.h:41:10: optimized: basic block part vectorized using 8 byte vectors
/scratch/ruimins/riscv_gnu_toolchain/install_glibc2.35/riscv64-unknown-linux-gnu/include/c++/15.1.0/bits/stl_vector.h:121:13: optimized: basic block part vectorized using 16 byte vectors
../lib/hybrid.h:41:10: optimized: basic block part vectorized using 2 byte vectors
/scratch/ruimins/riscv_gnu_toolchain/install_glibc2.35/riscv64-unknown-linux-gnu/include/c++/15.1.0/bits/stl_vector.h:114:17: optimized: basic block part vectorized using 16 byte vectors
/scratch/ruimins/riscv_gnu_toolchain/install_glibc2.35/riscv64-unknown-linux-gnu/include/c++/15.1.0/bits/stl_vector.h:114:17: optimized: basic block part vectorized using 16 byte vectors
/scratch/ruimins/riscv_gnu_toolchain/install_glibc2.35/riscv64-unknown-linux-gnu/include/c++/15.1.0/bits/stl_vector.h:121:13: optimized: basic block part vectorized using 16 byte vectors
/scratch/ruimins/riscv_gnu_toolchain/install_glibc2.35/riscv64-unknown-linux-gnu/include/c++/15.1.0/bits/stl_vector.h:121:13: optimized: basic block part vectorized using 16 byte vectors
/scratch/ruimins/riscv_gnu_toolchain/install_glibc2.35/riscv64-unknown-linux-gnu/include/c++/15.1.0/bits/stl_vector.h:121:13: optimized: basic block part vectorized using 16 byte vectors
/scratch/ruimins/riscv_gnu_toolchain/install_glibc2.35/riscv64-unknown-linux-gnu/include/c++/15.1.0/bits/stl_vector.h:121:13: optimized: basic block part vectorized using 16 byte vectors
../lib/hybrid.h:41:10: optimized: basic block part vectorized using 2 byte vectors
/scratch/ruimins/riscv_gnu_toolchain/install_glibc2.35/riscv64-unknown-linux-gnu/include/c++/15.1.0/bits/stl_vector.h:121:13: optimized: basic block part vectorized using 16 byte vectors
../lib/hybrid.h:41:10: optimized: basic block part vectorized using 2 byte vectors
/scratch/ruimins/riscv_gnu_toolchain/install_glibc2.35/riscv64-unknown-linux-gnu/include/c++/15.1.0/bits/stl_vector.h:114:17: optimized: basic block part vectorized using 16 byte vectors
/scratch/ruimins/riscv_gnu_toolchain/install_glibc2.35/riscv64-unknown-linux-gnu/include/c++/15.1.0/bits/stl_vector.h:114:17: optimized: basic block part vectorized using 16 byte vectors
/scratch/ruimins/riscv_gnu_toolchain/install_glibc2.35/riscv64-unknown-linux-gnu/include/c++/15.1.0/bits/stl_vector.h:121:13: optimized: basic block part vectorized using 16 byte vectors
/scratch/ruimins/riscv_gnu_toolchain/install_glibc2.35/riscv64-unknown-linux-gnu/include/c++/15.1.0/bits/stl_vector.h:121:13: optimized: basic block part vectorized using 16 byte vectors
/scratch/ruimins/riscv_gnu_toolchain/install_glibc2.35/riscv64-unknown-linux-gnu/include/c++/15.1.0/bits/stl_vector.h:121:13: optimized: basic block part vectorized using 16 byte vectors
/scratch/ruimins/riscv_gnu_toolchain/install_glibc2.35/riscv64-unknown-linux-gnu/include/c++/15.1.0/bits/stl_vector.h:121:13: optimized: basic block part vectorized using 16 byte vectors
../lib/hybrid.h:41:10: optimized: basic block part vectorized using 2 byte vectors
/scratch/ruimins/riscv_gnu_toolchain/install_glibc2.35/riscv64-unknown-linux-gnu/include/c++/15.1.0/bits/stl_vector.h:106:4: optimized: basic block part vectorized using 16 byte vectors
/scratch/ruimins/riscv_gnu_toolchain/install_glibc2.35/riscv64-unknown-linux-gnu/include/c++/15.1.0/bits/stl_vector.h:106:4: optimized: basic block part vectorized using 16 byte vectors
../lib/gates_qsim.h:576:3: optimized: basic block part vectorized using 16 byte vectors
/scratch/ruimins/riscv_gnu_toolchain/install_glibc2.35/riscv64-unknown-linux-gnu/include/c++/15.1.0/bits/stl_vector.h:106:4: optimized: basic block part vectorized using 16 byte vectors
../lib/gates_qsim.h:576:3: optimized: basic block part vectorized using 8 byte vectors
../lib/gates_qsim.h:576:3: optimized: basic block part vectorized using 8 byte vectors
../lib/gates_qsim.h:576:3: optimized: basic block part vectorized using 8 byte vectors
../lib/gates_qsim.h:576:3: optimized: basic block part vectorized using 8 byte vectors
/scratch/ruimins/riscv_gnu_toolchain/install_glibc2.35/riscv64-unknown-linux-gnu/include/c++/15.1.0/bits/stl_vector.h:106:4: optimized: basic block part vectorized using 16 byte vectors
/scratch/ruimins/riscv_gnu_toolchain/install_glibc2.35/riscv64-unknown-linux-gnu/include/c++/15.1.0/bits/stl_vector.h:106:4: optimized: basic block part vectorized using 16 byte vectors
../lib/gates_qsim.h:576:3: optimized: basic block part vectorized using 16 byte vectors
../lib/gates_qsim.h:576:3: optimized: basic block part vectorized using 16 byte vectors
/scratch/ruimins/riscv_gnu_toolchain/install_glibc2.35/riscv64-unknown-linux-gnu/include/c++/15.1.0/bits/stl_vector.h:106:4: optimized: basic block part vectorized using 16 byte vectors
/scratch/ruimins/riscv_gnu_toolchain/install_glibc2.35/riscv64-unknown-linux-gnu/include/c++/15.1.0/bits/stl_vector.h:106:4: optimized: basic block part vectorized using 16 byte vectors
/scratch/ruimins/riscv_gnu_toolchain/install_glibc2.35/riscv64-unknown-linux-gnu/include/c++/15.1.0/bits/stl_vector.h:106:4: optimized: basic block part vectorized using 16 byte vectors
/scratch/ruimins/riscv_gnu_toolchain/install_glibc2.35/riscv64-unknown-linux-gnu/include/c++/15.1.0/bits/stl_vector.h:106:4: optimized: basic block part vectorized using 16 byte vectors
../lib/gates_qsim.h:413:3: optimized: basic block part vectorized using 16 byte vectors
/scratch/ruimins/riscv_gnu_toolchain/install_glibc2.35/riscv64-unknown-linux-gnu/include/c++/15.1.0/bits/stl_vector.h:106:4: optimized: basic block part vectorized using 16 byte vectors
../lib/gates_qsim.h:413:3: optimized: basic block part vectorized using 16 byte vectors
/scratch/ruimins/riscv_gnu_toolchain/install_glibc2.35/riscv64-unknown-linux-gnu/include/c++/15.1.0/bits/stl_vector.h:106:4: optimized: basic block part vectorized using 16 byte vectors
/scratch/ruimins/riscv_gnu_toolchain/install_glibc2.35/riscv64-unknown-linux-gnu/include/c++/15.1.0/bits/stl_vector.h:106:4: optimized: basic block part vectorized using 16 byte vectors
../lib/gates_qsim.h:440:3: optimized: basic block part vectorized using 16 byte vectors
/scratch/ruimins/riscv_gnu_toolchain/install_glibc2.35/riscv64-unknown-linux-gnu/include/c++/15.1.0/bits/stl_vector.h:106:4: optimized: basic block part vectorized using 16 byte vectors
../lib/gates_qsim.h:440:3: optimized: basic block part vectorized using 16 byte vectors
/scratch/ruimins/riscv_gnu_toolchain/install_glibc2.35/riscv64-unknown-linux-gnu/include/c++/15.1.0/bits/stl_vector.h:106:4: optimized: basic block part vectorized using 16 byte vectors
/scratch/ruimins/riscv_gnu_toolchain/install_glibc2.35/riscv64-unknown-linux-gnu/include/c++/15.1.0/bits/stl_vector.h:106:4: optimized: basic block part vectorized using 16 byte vectors
../lib/gates_qsim.h:609:3: optimized: basic block part vectorized using 16 byte vectors
/scratch/ruimins/riscv_gnu_toolchain/install_glibc2.35/riscv64-unknown-linux-gnu/include/c++/15.1.0/bits/stl_vector.h:106:4: optimized: basic block part vectorized using 16 byte vectors
../lib/gates_qsim.h:609:3: optimized: basic block part vectorized using 16 byte vectors
../lib/gates_qsim.h:609:3: optimized: basic block part vectorized using 16 byte vectors
../lib/gates_qsim.h:609:3: optimized: basic block part vectorized using 8 byte vectors
/scratch/ruimins/riscv_gnu_toolchain/install_glibc2.35/riscv64-unknown-linux-gnu/include/c++/15.1.0/bits/stl_vector.h:106:4: optimized: basic block part vectorized using 16 byte vectors
/scratch/ruimins/riscv_gnu_toolchain/install_glibc2.35/riscv64-unknown-linux-gnu/include/c++/15.1.0/bits/stl_vector.h:106:4: optimized: basic block part vectorized using 16 byte vectors
/scratch/ruimins/riscv_gnu_toolchain/install_glibc2.35/riscv64-unknown-linux-gnu/include/c++/15.1.0/bits/stl_vector.h:106:4: optimized: basic block part vectorized using 16 byte vectors
/scratch/ruimins/riscv_gnu_toolchain/install_glibc2.35/riscv64-unknown-linux-gnu/include/c++/15.1.0/bits/stl_vector.h:106:4: optimized: basic block part vectorized using 16 byte vectors
/scratch/ruimins/riscv_gnu_toolchain/install_glibc2.35/riscv64-unknown-linux-gnu/include/c++/15.1.0/bits/stl_vector.h:106:4: optimized: basic block part vectorized using 16 byte vectors
/scratch/ruimins/riscv_gnu_toolchain/install_glibc2.35/riscv64-unknown-linux-gnu/include/c++/15.1.0/bits/stl_vector.h:106:4: optimized: basic block part vectorized using 16 byte vectors
/scratch/ruimins/riscv_gnu_toolchain/install_glibc2.35/riscv64-unknown-linux-gnu/include/c++/15.1.0/bits/stl_vector.h:106:4: optimized: basic block part vectorized using 16 byte vectors
/scratch/ruimins/riscv_gnu_toolchain/install_glibc2.35/riscv64-unknown-linux-gnu/include/c++/15.1.0/bits/stl_vector.h:106:4: optimized: basic block part vectorized using 16 byte vectors
/scratch/ruimins/riscv_gnu_toolchain/install_glibc2.35/riscv64-unknown-linux-gnu/include/c++/15.1.0/bits/stl_vector.h:106:4: optimized: basic block part vectorized using 16 byte vectors
/scratch/ruimins/riscv_gnu_toolchain/install_glibc2.35/riscv64-unknown-linux-gnu/include/c++/15.1.0/bits/stl_vector.h:106:4: optimized: basic block part vectorized using 16 byte vectors
/scratch/ruimins/riscv_gnu_toolchain/install_glibc2.35/riscv64-unknown-linux-gnu/include/c++/15.1.0/bits/stl_vector.h:106:4: optimized: basic block part vectorized using 16 byte vectors
/scratch/ruimins/riscv_gnu_toolchain/install_glibc2.35/riscv64-unknown-linux-gnu/include/c++/15.1.0/bits/stl_vector.h:106:4: optimized: basic block part vectorized using 16 byte vectors
/scratch/ruimins/riscv_gnu_toolchain/install_glibc2.35/riscv64-unknown-linux-gnu/include/c++/15.1.0/bits/stl_uninitialized.h:1310:22: optimized: loop vectorized using 8 byte vectors
../lib/hybrid.h:141:20: optimized: basic block part vectorized using 8 byte vectors
/scratch/ruimins/riscv_gnu_toolchain/install_glibc2.35/riscv64-unknown-linux-gnu/include/c++/15.1.0/bits/stl_vector.h:106:4: optimized: basic block part vectorized using 16 byte vectors
/scratch/ruimins/riscv_gnu_toolchain/install_glibc2.35/riscv64-unknown-linux-gnu/include/c++/15.1.0/bits/stl_vector.h:106:4: optimized: basic block part vectorized using 16 byte vectors
/scratch/ruimins/riscv_gnu_toolchain/install_glibc2.35/riscv64-unknown-linux-gnu/include/c++/15.1.0/bits/stl_vector.h:106:4: optimized: basic block part vectorized using 16 byte vectors
/scratch/ruimins/riscv_gnu_toolchain/install_glibc2.35/riscv64-unknown-linux-gnu/include/c++/15.1.0/bits/stl_vector.h:106:4: optimized: basic block part vectorized using 16 byte vectors
/scratch/ruimins/riscv_gnu_toolchain/install_glibc2.35/riscv64-unknown-linux-gnu/include/c++/15.1.0/bits/stl_vector.h:106:4: optimized: basic block part vectorized using 16 byte vectors
/scratch/ruimins/riscv_gnu_toolchain/install_glibc2.35/riscv64-unknown-linux-gnu/include/c++/15.1.0/bits/stl_vector.h:106:4: optimized: basic block part vectorized using 16 byte vectors
/scratch/ruimins/riscv_gnu_toolchain/install_glibc2.35/riscv64-unknown-linux-gnu/include/c++/15.1.0/bits/stl_vector.h:106:4: optimized: basic block part vectorized using 16 byte vectors
/scratch/ruimins/riscv_gnu_toolchain/install_glibc2.35/riscv64-unknown-linux-gnu/include/c++/15.1.0/bits/stl_vector.h:106:4: optimized: basic block part vectorized using 16 byte vectors
/scratch/ruimins/riscv_gnu_toolchain/install_glibc2.35/riscv64-unknown-linux-gnu/include/c++/15.1.0/bits/stl_vector.h:106:4: optimized: basic block part vectorized using 16 byte vectors
/scratch/ruimins/riscv_gnu_toolchain/install_glibc2.35/riscv64-unknown-linux-gnu/include/c++/15.1.0/bits/stl_vector.h:106:4: optimized: basic block part vectorized using 16 byte vectors
../lib/hybrid.h:277:3: optimized: basic block part vectorized using 16 byte vectors
../lib/hybrid.h:277:3: optimized: basic block part vectorized using 16 byte vectors
/scratch/ruimins/riscv_gnu_toolchain/install_glibc2.35/riscv64-unknown-linux-gnu/include/c++/15.1.0/bits/stl_vector.h:114:17: optimized: basic block part vectorized using 16 byte vectors
/scratch/ruimins/riscv_gnu_toolchain/install_glibc2.35/riscv64-unknown-linux-gnu/include/c++/15.1.0/bits/stl_vector.h:114:17: optimized: basic block part vectorized using 16 byte vectors
/scratch/ruimins/riscv_gnu_toolchain/install_glibc2.35/riscv64-unknown-linux-gnu/include/c++/15.1.0/bits/stl_vector.h:121:13: optimized: basic block part vectorized using 16 byte vectors
../lib/hybrid.h:41:10: optimized: basic block part vectorized using 8 byte vectors
../lib/hybrid.h:41:10: optimized: basic block part vectorized using 8 byte vectors
/scratch/ruimins/riscv_gnu_toolchain/install_glibc2.35/riscv64-unknown-linux-gnu/include/c++/15.1.0/bits/stl_vector.h:121:13: optimized: basic block part vectorized using 16 byte vectors
/scratch/ruimins/riscv_gnu_toolchain/install_glibc2.35/riscv64-unknown-linux-gnu/include/c++/15.1.0/bits/stl_vector.h:121:13: optimized: basic block part vectorized using 16 byte vectors
/scratch/ruimins/riscv_gnu_toolchain/install_glibc2.35/riscv64-unknown-linux-gnu/include/c++/15.1.0/bits/stl_vector.h:121:13: optimized: basic block part vectorized using 16 byte vectors
/scratch/ruimins/riscv_gnu_toolchain/install_glibc2.35/riscv64-unknown-linux-gnu/include/c++/15.1.0/bits/stl_vector.h:121:13: optimized: basic block part vectorized using 16 byte vectors
/scratch/ruimins/riscv_gnu_toolchain/install_glibc2.35/riscv64-unknown-linux-gnu/include/c++/15.1.0/bits/stl_vector.h:121:13: optimized: basic block part vectorized using 16 byte vectors
/scratch/ruimins/riscv_gnu_toolchain/install_glibc2.35/riscv64-unknown-linux-gnu/include/c++/15.1.0/bits/stl_vector.h:121:13: optimized: basic block part vectorized using 16 byte vectors
/scratch/ruimins/riscv_gnu_toolchain/install_glibc2.35/riscv64-unknown-linux-gnu/include/c++/15.1.0/bits/stl_vector.h:121:13: optimized: basic block part vectorized using 16 byte vectors
../lib/hybrid.h:41:10: optimized: basic block part vectorized using 2 byte vectors
../lib/hybrid.h:41:10: optimized: basic block part vectorized using 2 byte vectors
/scratch/ruimins/riscv_gnu_toolchain/install_glibc2.35/riscv64-unknown-linux-gnu/include/c++/15.1.0/bits/stl_vector.h:114:17: optimized: basic block part vectorized using 16 byte vectors
/scratch/ruimins/riscv_gnu_toolchain/install_glibc2.35/riscv64-unknown-linux-gnu/include/c++/15.1.0/bits/stl_vector.h:114:17: optimized: basic block part vectorized using 16 byte vectors
/scratch/ruimins/riscv_gnu_toolchain/install_glibc2.35/riscv64-unknown-linux-gnu/include/c++/15.1.0/bits/stl_vector.h:121:13: optimized: basic block part vectorized using 16 byte vectors
../lib/hybrid.h:41:10: optimized: basic block part vectorized using 8 byte vectors
../lib/hybrid.h:41:10: optimized: basic block part vectorized using 8 byte vectors
/scratch/ruimins/riscv_gnu_toolchain/install_glibc2.35/riscv64-unknown-linux-gnu/include/c++/15.1.0/bits/stl_vector.h:121:13: optimized: basic block part vectorized using 16 byte vectors
/scratch/ruimins/riscv_gnu_toolchain/install_glibc2.35/riscv64-unknown-linux-gnu/include/c++/15.1.0/bits/stl_vector.h:121:13: optimized: basic block part vectorized using 16 byte vectors
/scratch/ruimins/riscv_gnu_toolchain/install_glibc2.35/riscv64-unknown-linux-gnu/include/c++/15.1.0/bits/stl_vector.h:121:13: optimized: basic block part vectorized using 16 byte vectors
/scratch/ruimins/riscv_gnu_toolchain/install_glibc2.35/riscv64-unknown-linux-gnu/include/c++/15.1.0/bits/stl_vector.h:121:13: optimized: basic block part vectorized using 16 byte vectors
/scratch/ruimins/riscv_gnu_toolchain/install_glibc2.35/riscv64-unknown-linux-gnu/include/c++/15.1.0/bits/stl_vector.h:121:13: optimized: basic block part vectorized using 16 byte vectors
/scratch/ruimins/riscv_gnu_toolchain/install_glibc2.35/riscv64-unknown-linux-gnu/include/c++/15.1.0/bits/stl_vector.h:121:13: optimized: basic block part vectorized using 16 byte vectors
/scratch/ruimins/riscv_gnu_toolchain/install_glibc2.35/riscv64-unknown-linux-gnu/include/c++/15.1.0/bits/stl_vector.h:121:13: optimized: basic block part vectorized using 16 byte vectors
../lib/hybrid.h:41:10: optimized: basic block part vectorized using 2 byte vectors
../lib/hybrid.h:41:10: optimized: basic block part vectorized using 2 byte vectors
../lib/hybrid.h:260:7: optimized: basic block part vectorized using 16 byte vectors
../lib/hybrid.h:327:30: optimized: loop vectorized using variable length vectors
/scratch/ruimins/riscv_gnu_toolchain/install_glibc2.35/riscv64-unknown-linux-gnu/include/c++/15.1.0/bits/stl_vector.h:106:4: optimized: basic block part vectorized using 16 byte vectors
/scratch/ruimins/riscv_gnu_toolchain/install_glibc2.35/riscv64-unknown-linux-gnu/include/c++/15.1.0/bits/basic_ios.h:477:2: optimized: basic block part vectorized using 16 byte vectors
/scratch/ruimins/riscv_gnu_toolchain/install_glibc2.35/riscv64-unknown-linux-gnu/include/c++/15.1.0/bits/basic_ios.h:477:2: optimized: basic block part vectorized using 16 byte vectors
../lib/bitstring.h:89:39: optimized: basic block part vectorized using 16 byte vectors
/scratch/ruimins/riscv_gnu_toolchain/install_glibc2.35/riscv64-unknown-linux-gnu/include/c++/15.1.0/bits/stl_vector.h:106:4: optimized: basic block part vectorized using 16 byte vectors
../lib/run_qsimh.h:67:44: optimized: basic block part vectorized using 16 byte vectors
/scratch/ruimins/riscv_gnu_toolchain/install_glibc2.35/riscv64-unknown-linux-gnu/include/c++/15.1.0/bits/stl_vector.h:106:4: optimized: basic block part vectorized using 16 byte vectors
/scratch/ruimins/riscv_gnu_toolchain/install_glibc2.35/riscv64-unknown-linux-gnu/include/c++/15.1.0/bits/stl_vector.h:106:4: optimized: basic block part vectorized using 16 byte vectors
/scratch/ruimins/riscv_gnu_toolchain/install_glibc2.35/riscv64-unknown-linux-gnu/include/c++/15.1.0/bits/stl_vector.h:106:4: optimized: basic block part vectorized using 16 byte vectors
